2019-04-19 14:05:00.904049;0,0;12,475812912;0,145639777184;0,0;4,55460786819;0,0;0,0;8,46190834045;0,0;0,0;3,13091897964;0,0;0,0;23,3175697327;1,31834030151;-2;85;3;
2019-04-19 14:05:01.848752;0,0;12,8308496475;0,471220493317;0,0;4,57396268845;0,0;0,0;8,44577693939;0,0216861963272;0,0;3,11859560013;0,0;0,0;23,4869499207;3,00693893433;-2;85;3;
2019-04-19 14:05:02.788637;0,101475834846;13,32746315;0,455285787582;0,0;4,63418960571;0,0;0,0;8,4522151947;0,0;0,0;3,11719942093;0,0;0,0;23,6131381989;3,19567203522;-2;85;3;
2019-04-19 14:05:03.730984;0,0;12,6508998871;0,198321938515;0,0;4,56579351425;0,0;0,0;8,45033359528;0,0;0,0;3,12725090981;0,0;0,0;23,3685913086;3,01814842224;-2;85;3;
2019-04-19 14:05:04.672116;0,0;12,4106721878;0,0;0,0;4,5452747345;0,0;0,0;8,39905166626;0,0;0,0;3,11271905899;0,0;0,0;23,1713638306;0,807098388672;-2;85;3;
2019-04-19 14:05:05.615730;0,0;12,0849161148;0,0;0,0;4,53757143021;0,0;0,0;8,4255437851;0,0;0,0;3,12593197823;0,0;0,0;23,0512123108;0,0;-2;85;3;
2019-04-19 14:05:06.555606;0,0;12,2227020264;0,0;0,0;4,51766347885;0,0;0,0;8,42636394501;0,0;0,0;3,12481713295;0,0;0,0;22,9305305481;0,0;-2;85;3;
2019-04-19 14:05:07.499342;0,0;12,1650857925;0,0;0,0;4,52349758148;0,0;0,0;8,41999435425;0,0;0,0;3,12063264847;0,0;0,0;22,7578754425;0,0;-2;85;3;
2019-04-19 14:05:08.444265;0,0;12,0917835236;0,0;0,0;4,52999162674;0,0;0,0;8,42781734467;0,0;0,0;3,12157392502;0,0;0,0;22,6137199402;0,0;-2;85;3;
2019-04-19 14:05:09.389066;0,0;12,1498708725;0,0;0,0;4,52799654007;0,0;0,0;8,41611862183;0,0;0,0;3,11694645882;0,0;0,0;22,5808601379;0,0;-2;85;3;
2019-04-19 14:05:10.332689;0,0;12,1118812561;0,0;0,0;4,52789163589;0,0;0,0;8,45201396942;0,0;0,0;3,13124799728;0,0;0,0;22,5913295746;0,0;-2;85;3;
2019-04-19 14:05:11.276307;0,0;12,0857028961;0,0;0,0;4,52296829224;0,0;0,0;8,4348192215;0,0;0,0;3,12853860855;0,0;0,0;22,5865287781;0,0;-2;85;3;
2019-04-19 14:05:12.219953;0,0;12,1668081284;0,0;0,0;4,53142786026;0,0;0,0;8,43391609192;0,0;0,0;3,12855958939;0,0;0,0;22,5906467438;0,0;-2;85;3;
2019-04-19 14:05:13.164853;0,0;12,0552082062;0,0;0,0;4,50634765625;0,0;0,0;8,3970746994;0,0;0,0;3,11607027054;0,0;0,0;22,5779895782;0,0;-2;85;3;
2019-04-19 14:05:14.108416;0,0;12,390994072;0,0;0,0;4,54081058502;0,0;0,0;8,43345737457;0,0;0,0;3,1226849556;0,0;0,0;22,6662425995;0,0;-2;85;3;
2019-04-19 14:05:15.052059;0,0541406869888;13,3060522079;0,985217690468;0,00374120473862;4,65192508698;0,0;0,0;8,45820999146;0,277079939842;0,0;3,1166100502;0,0;0,0;22,9921226501;0,0;-2;85;3;
2019-04-19 14:05:15.995686;0,0;12,5504732132;0,768493294716;0,0;4,56715488434;0,0;0,0;8,43440151215;0,0;0,0;3,12379169464;0,0;0,0;23,0146179199;0,0;-2;85;3;
2019-04-19 14:05:16.940559;0,0;12,1249055862;0,0;0,0;4,52149534225;0,0;0,0;8,42905330658;0,0;0,0;3,12082338333;0,0;0,0;23,0003852844;0,0;-2;85;3;
2019-04-19 14:05:17.882906;0,0;12,0589942932;0,0;0,0;4,52274131775;0,0;0,0;8,42686271667;0,0;0,0;3,12388420105;0,0;0,0;23,0019111633;0,00810718536377;-2;85;3;
2019-04-19 14:05:18.827780;0,0;12,1438007355;0,0;0,0;4,52222776413;0,0;0,0;8,44319915771;0,0;0,0;3,13395857811;0,0;0,0;22,9902915955;0,142858505249;-2;85;3;
2019-04-19 14:05:19.768925;0,0;12,9153757095;0,0382066965103;0,0;4,61430740356;0,0;0,0;8,46722984314;0,0;0,0;3,13600873947;0,0;0,0;22,7886238098;0,0;-2;85;3;
2019-04-19 14:05:20.713770;0,252003788948;13,1488513947;0,905888915062;0,0;4,64633560181;0,0;0,0;8,47905349731;0,192958474159;0,0;3,13152360916;0,0;0,0;23,012178421;0,0;-2;85;3;
2019-04-19 14:05:21.658629;0,241618514061;13,4576025009;0,885241150856;0,00710409879684;4,66428136826;0,0;0,0;8,46276378632;0,26346051693;0,0;3,11775040627;0,0;0,0;23,2502708435;2,23869132996;-2;85;3;
2019-04-19 14:05:22.602249;0,129333734512;13,1640205383;1,06862103939;0,0145058035851;4,61796092987;0,0;0,0;8,46198749542;0,103404283524;0,0;3,12175822258;0,0;0,0;23,4386520386;4,20424747467;-2;85;3;
2019-04-19 14:05:23.543369;0,0;12,2699069977;0,0;0,0;4,53676700592;0,0;0,0;8,45324325562;0,0;0,0;3,12933039665;0,0;0,0;23,4642124176;4,56729793549;-2;85;3;
2019-04-19 14:05:24.486995;0,0;12,0659341812;0,0;0,0;4,50394392014;0,0;0,0;8,42780971527;0,0;0,0;3,12367510796;0,0;0,0;23,3554878235;4,21288108826;-2;85;3;
2019-04-19 14:05:25.429385;0,0;12,0614652634;0,0;0,0;4,50892829895;0,0;0,0;8,42316436768;0,0;0,0;3,12364864349;0,0;0,0;23,1879310608;2,74150466919;-2;85;3;
2019-04-19 14:05:26.371732;0,0;12,1214895248;0,0;0,0;4,53366422653;0,0;0,0;8,4335603714;0,0;0,0;3,13106608391;0,0;0,0;22,8807373047;0,0;-2;85;3;
2019-04-19 14:05:27.319108;0,0;12,0624055862;0,0;0,0;4,52312374115;0,0;0,0;8,40436458588;0,0;0,0;3,11703920364;0,0;0,0;22,652381897;0,0;-2;85;3;
2019-04-19 14:05:28.262741;0,0;12,0290927887;0,0;0,0;4,50117826462;0,0;0,0;8,40839004517;0,0;0,0;3,1179933548;0,0;0,0;22,5578670502;0,0;-2;85;3;
2019-04-19 14:05:29.208869;0,0;12,075425148;0,0;0,0;4,51057910919;0,0;0,0;8,4126625061;0,0;0,0;3,11617588997;0,0;0,0;22,5516319275;0,0;-2;85;3;
2019-04-19 14:05:30.153721;0,0;12,0534515381;0,0;0,0;4,51416397095;0,0;0,0;8,42029094696;0,0;0,0;3,11759209633;0,0;0,0;22,5566196442;0,0;-2;85;3;
2019-04-19 14:05:31.094874;0,0;12,0935373306;0,0;0,0;4,52530908585;0,0;0,0;8,44442939758;0,0;0,0;3,12917852402;0,0;0,0;22,5594100952;0,0;-2;85;3;
2019-04-19 14:05:32.038477;0,0;12,1190509796;0,0;0,0;4,5271730423;0,0;0,0;8,45562648773;0,0;0,0;3,13761758804;0,0;0,0;22,5727272034;0,0;-2;85;3;
2019-04-19 14:05:32.982088;0,0;12,4096231461;0,0;0,0;4,55132579803;0,0;0,0;8,45372581482;0,0;0,0;3,13561630249;0,0;0,0;22,6489944458;0,0;-2;85;3;
2019-04-19 14:05:33.924504;0,0;12,5302867889;0,0379928350449;0,0;4,53659582138;0,0;0,0;8,43018054962;0,0;0,0;3,12707638741;0,0;0,0;22,6807994843;0,0;-2;85;3;
2019-04-19 14:05:34.878091;0,0;12,1000652313;0,0;0,0;4,51664304733;0,0;0,0;8,43979644775;0,0;0,0;3,12999868393;0,0;0,0;22,6878490448;0,0;-2;85;3;
2019-04-19 14:05:35.821718;0,0;12,0754985809;0,0;0,0;4,51753902435;0,0;0,0;8,41944313049;0,0;0,0;3,12029385567;0,0;0,0;22,6734046936;0,0;-2;85;3;
2019-04-19 14:05:36.765373;0,0;12,119055748;0,0;0,0;4,51711082458;0,0;0,0;8,42652606964;0,0;0,0;3,12116599083;0,0;0,0;22,6631317139;0,0;-2;85;3;
2019-04-19 14:05:37.708942;0,0;12,0486478806;0,0;0,0;4,51637458801;0,0;0,0;8,41524505615;0,0;0,0;3,11806225777;0,0;0,0;22,6113891602;0,0;-2;85;3;
2019-04-19 14:05:38.652546;0,0;12,0817070007;0,0;0,0;4,51938056946;0,0;0,0;8,40890026093;0,0;0,0;3,11841869354;0,0;0,0;22,5502586365;0,0;-2;85;3;
2019-04-19 14:05:39.596183;0,0;12,1792373657;0,0;0,0;4,52947378159;0,0;0,0;8,41275596619;0,0;0,0;3,12121987343;0,0;0,0;22,5523815155;0,0;-2;85;3;
2019-04-19 14:05:40.541043;0,0;12,4286108017;0,0;0,0;4,53229665756;0,0;0,0;8,41053581238;0,0;0,0;3,11845445633;0,0;0,0;22,6031150818;0,0;-2;85;3;
2019-04-19 14:05:41.484708;0,0;12,2197322845;0,0;0,0;4,53951072693;0,0;0,0;8,43804073334;0,0;0,0;3,12879991531;0,0;0,0;22,6236228943;0,0;-2;85;3;
2019-04-19 14:05:42.428291;0,0;12,2676734924;0,0;0,0;4,54342222214;0,0;0,0;8,43056297302;0,0;0,0;3,12053632736;0,0;0,0;22,6479873657;0,0;-2;85;3;
2019-04-19 14:05:43.371896;0,0;12,0828409195;0,0;0,0;4,5211596489;0,0;0,0;8,4156961441;0,0;0,0;3,11600112915;0,0;0,0;22,6471996307;0,0;-2;85;3;
2019-04-19 14:05:44.314335;0,0;12,0742282867;0,0;0,0;4,5243563652;0,0;0,0;8,43554878235;0,0;0,0;3,12709879875;0,0;0,0;22,6617450714;0,0;-2;85;3;
2019-04-19 14:05:45.259155;0,0;12,1236457825;0,0;0,0;4,54373502731;0,0;0,0;8,42750549316;0,0;0,0;3,12724065781;0,0;0,0;22,607219696;0,0;-2;85;3;
2019-04-19 14:05:46.202771;0,0;12,1206989288;0,0;0,0;4,52416181564;0,0;0,0;8,41982460022;0,0;0,0;3,12540006638;0,0;0,0;22,5948295593;0,0;-2;85;3;
2019-04-19 14:05:47.147650;0,0;12,0947093964;0,0;0,0;4,54179477692;0,0;0,0;8,4432888031;0,0;0,0;3,13356041908;0,0;0,0;22,5816230774;0,0;-2;85;3;
2019-04-19 14:05:48.093754;0,0;12,0678720474;0,0;0,0;4,49558544159;0,0;0,0;8,39926147461;0,0;0,0;3,11186742783;0,0;0,0;22,57604599;0,0;-2;85;3;
2019-04-19 14:05:49.037385;0,0;12,0480928421;0,0;0,0;4,51515245438;0,0;0,0;8,40139961243;0,0;0,0;3,11037969589;0,0;0,0;22,5598449707;0,0;-2;85;3;
2019-04-19 14:05:49.979750;0,0;12,076716423;0,0;0,0;4,52549171448;0,0;0,0;8,43858718872;0,0;0,0;3,12612771988;0,0;0,0;22,5645713806;0,0;-2;85;3;
2019-04-19 14:05:50.922125;0,0;12,3674020767;0,0;0,0;4,56347560883;0,0;0,0;8,45761013031;0,0;0,0;3,13420939445;0,0;0,0;22,6145648956;0,0;-2;85;3;
2019-04-19 14:05:51.880778;0,0;12,2224292755;0,0;0,0;4,53847837448;0,0;0,0;8,4330072403;0,0;0,0;3,12823820114;0,0;0,0;22,6100482941;0,0;-2;85;3;
2019-04-19 14:05:52.824430;0,0;12,1270160675;0,0;0,0;4,53244400024;0,0;0,0;8,43282985687;0,0;0,0;3,13071799278;0,0;0,0;22,6273670197;0,0;-2;85;3;
2019-04-19 14:05:53.769262;0,0;12,3343791962;0,0;0,0;4,53836774826;0,0;0,0;8,43260860443;0,0;0,0;3,12765550613;0,0;0,0;22,7029457092;0,0;-2;85;3;
2019-04-19 14:05:54.715409;0,0;12,1418409348;0,0;0,0;4,51279592514;0,0;0,0;8,41152858734;0,0;0,0;3,1175224781;0,0;0,0;22,7039222717;0,0;-2;85;3;
2019-04-19 14:05:55.658978;0,0;12,1248540878;0,0;0,0;4,54537391663;0,0;0,0;8,44932842255;0,0;0,0;3,12989139557;0,0;0,0;22,6518936157;0,0;-2;85;3;
2019-04-19 14:05:56.602597;0,0;12,1036663055;0,0;0,0;4,53211021423;0,0;0,0;8,43269824982;0,0;0,0;3,1234793663;0,0;0,0;22,6540107727;0,0;-2;85;3;
2019-04-19 14:05:57.545033;0,0;12,1379671097;0,0;0,0;4,52620267868;0,0;0,0;8,43930149078;0,0;0,0;3,12683415413;0,0;0,0;22,6476554871;0,0;-2;85;3;
2019-04-19 14:05:58.487334;0,0;12,161781311;0,0;0,0;4,51728439331;0,0;0,0;8,42171859741;0,0;0,0;3,1241133213;0,0;0,0;22,6133098602;0,0;-2;85;3;
2019-04-19 14:05:59.430966;0,0;12,1458387375;0,0;0,0;4,54420042038;0,0;0,0;8,42467975616;0,0;0,0;3,12668013573;0,0;0,0;22,6054439545;0,0;-2;85;3;
2019-04-19 14:06:00.375836;0,0;12,1065731049;0,0;0,0;4,52173042297;0,0;0,0;8,40946006775;0,0;0,0;3,1199889183;0,0;0,0;22,5910625458;0,0;-2;85;3;
2019-04-19 14:06:01.323193;0,0;12,056646347;0,0;0,0;4,50796699524;0,0;0,0;8,40061855316;0,0;0,0;3,11523103714;0,0;0,0;22,5860786438;0,0;-2;85;3;
2019-04-19 14:06:02.268083;0,0;12,0887050629;0,0;0,0;4,53878927231;0,0;0,0;8,43928813934;0,0;0,0;3,12507367134;0,0;0,0;22,5831184387;0,0;-2;85;3;
2019-04-19 14:06:03.214258;0,0;12,1388645172;0,0;0,0;4,52350234985;0,0;0,0;8,43181800842;0,0;0,0;3,1230597496;0,0;0,0;22,5715522766;0,0;-2;85;3;
2019-04-19 14:06:04.157808;0,0;12,1368217468;0,0;0,0;4,52729845047;0,0;0,0;8,42923927307;0,0;0,0;3,12319159508;0,0;0,0;22,5835647583;0,0;-2;85;3;
2019-04-19 14:06:05.103930;0,0;12,2204704285;0,0;0,0;4,53100347519;0,0;0,0;8,42875576019;0,0;0,0;3,12636899948;0,0;0,0;22,5911884308;0,0;-2;85;3;
2019-04-19 14:06:06.050067;0,0;12,1831521988;0,0;0,0;4,5217499733;0,0;0,0;8,42275905609;0,0;0,0;3,1266977787;0,0;0,0;22,6102638245;0,0;-2;85;3;
2019-04-19 14:06:06.996181;0,0;12,2992868423;0,0;0,0;4,53867530823;0,0;0,0;8,42426013947;0,0;0,0;3,12428164482;0,0;0,0;22,6498374939;0,0;-2;85;3;
2019-04-19 14:06:07.939798;0,0;12,4207925797;0,264361143112;0,0;4,54870557785;0,0;0,0;8,42893505096;0,0;0,0;3,12360668182;0,0;0,0;22,6887454987;0,0;-2;85;3;
2019-04-19 14:06:08.893423;0,0;12,2590675354;0,121707081795;0,0;4,52593898773;0,0;0,0;8,40967941284;0,0;0,0;3,11541080475;0,0;0,0;22,7007408142;0,0;-2;85;3;
2019-04-19 14:06:09.837050;0,0;12,4086742401;0,216812252998;0,0;4,53646993637;0,0;0,0;8,44373416901;0,0;0,0;3,12361526489;0,0;0,0;22,7851142883;0,0;-2;85;3;
2019-04-19 14:06:10.783165;0,0;12,308883667;0,0;0,0;4,5342259407;0,0;0,0;8,43552875519;0,0;0,0;3,12664484978;0,0;0,0;22,7801380157;0,0;-2;85;3;
2019-04-19 14:06:11.726777;0,0;12,1840686798;0,0;0,0;4,55211400986;0,0;0,0;8,44746780396;0,0;0,0;3,13291859627;0,0;0,0;22,7750854492;0,0;-2;85;3;
2019-04-19 14:06:12.669148;0,0;12,1286373138;0,0;0,0;4,52055120468;0,0;0,0;8,40586280823;0,0;0,0;3,11959719658;0,0;0,0;22,7271537781;0,0;-2;85;3;
2019-04-19 14:06:13.616531;0,0;12,1520318985;0,0;0,0;4,52504491806;0,0;0,0;8,42344474792;0,0;0,0;3,12672591209;0,0;0,0;22,7050304413;0,0;-2;85;3;
2019-04-19 14:06:14.561389;0,0;12,1371088028;0,0;0,0;4,51933860779;0,0;0,0;8,4156332016;0,0;0,0;3,12235403061;0,0;0,0;22,6596183777;0,0;-2;85;3;
2019-04-19 14:06:15.505064;0,0;12,4185504913;0,196178555489;0,0;4,54156827927;0,0;0,0;8,43580055237;0,0;0,0;3,12309217453;0,0;0,0;22,7013282776;0,0;-2;85;3;
2019-04-19 14:06:16.449887;0,0;12,4729318619;0,604052901268;0,0;4,54283046722;0,0;0,0;8,42305660248;0,0722135305405;0,0;3,11619186401;0,0;0,0;22,7329292297;0,511073112488;-2;85;3;
2019-04-19 14:06:17.394820;0,0;12,6466588974;0,975679278374;0,0;4,58219480515;0,0;0,0;8,45756816864;0,332794427872;0,0;3,12894582748;0,0;0,0;22,834400177;3,6556968689;-2;85;3;
2019-04-19 14:06:18.338372;0,0;12,42527771;0,214985251427;0,0;4,53712654114;0,0;0,0;8,42848110199;0,0;0,0;3,12237477303;0,0;0,0;22,905248642;4,78695392609;-2;85;3;
2019-04-19 14:06:19.283271;0,0;12,2010955811;0,0;0,0;4,54486370087;0,0;0,0;8,42621707916;0,0;0,0;3,12436056137;0,0;0,0;22,9115753174;5,0118303299;-2;85;3;
2019-04-19 14:06:20.228140;0,0;12,203127861;0,067366361618;0,0;4,53558826447;0,0;0,0;8,43589496613;0,0;0,0;3,13055491447;0,0;0,0;22,8622932434;4,70549201965;-2;85;3;
2019-04-19 14:06:21.171742;0,0;12,2096729279;0,0;0,0;4,52210569382;0,0;0,0;8,41635036469;0,0;0,0;3,12077569962;0,0;0,0;22,8186912537;3,40148544312;-2;85;3;
2019-04-19 14:06:22.115425;0,0;12,2283172607;0,0;0,0;4,5398683548;0,0;0,0;8,43927288055;0,0;0,0;3,12530255318;0,0;0,0;22,7555217743;0,441059112549;-2;85;3;
2019-04-19 14:06:23.058977;0,0;12,1615428925;0,0;0,0;4,52623462677;0,0;0,0;8,42553901672;0,0;0,0;3,11969184875;0,0;0,0;22,6451587677;0,0;-2;85;3;
2019-04-19 14:06:24.001343;0,0;12,9016637802;0,374737739563;0,0;4,61775827408;0,0;0,0;8,47448348999;0,0;0,0;3,12448000908;0,0;0,0;22,8738975525;0,0;-2;85;3;
2019-04-19 14:06:24.946221;0,137382268906;12,8721990585;0,842980980873;0,00403743982315;4,5857834816;0,0;0,0;8,45559501648;0,23419034481;0,0;3,12374305725;0,0;0,0;23,047618866;1,39492607117;-2;85;3;
2019-04-19 14:06:25.896109;0,115704417229;13,0967674255;0,97395336628;0,0;4,61224079132;0,0;0,0;8,46998119354;0,301294207573;0,0;3,13078951836;0,0;0,0;23,3002281189;3,59932804108;-2;85;3;
2019-04-19 14:06:26.842215;0,0123779773712;12,8042516708;0,36219727993;0,0;4,59946775436;0,0;0,0;8,42589950562;0,0;0,0;3,11895465851;0,0;0,0;23,3836402893;4,20235347748;-2;85;3;
2019-04-19 14:06:27.782073;0,0;12,7240858078;0,270855903625;0,0;4,58512830734;0,0;0,0;8,41444587708;0,0;0,0;3,11646652222;0,0;0,0;23,4561691284;5,24160671234;-2;85;3;
2019-04-19 14:06:28.724523;0,0;12,7873220444;0,210054159164;0,0;4,58387327194;0,0;0,0;8,43665218353;0,0;0,0;3,12009954453;0,0;0,0;23,4346351624;4,94752407074;-2;85;3;
2019-04-19 14:06:29.668070;0,0;12,8349294662;0,388291120529;0,0;4,58204221725;0,0;0,0;8,45880413055;0,0330661535263;0,0;3,12281823158;0,0;0,0;23,3544864655;4,63416194916;-2;85;3;
2019-04-19 14:06:30.610448;0,0;12,6117525101;0,0436679124832;0,0;4,57862997055;0,0;0,0;8,44804573059;0,0;0,0;3,12346386909;0,0;0,0;23,1282997131;2,00228786469;-2;85;3;
2019-04-19 14:06:31.551484;0,0;12,6339025497;0,192411065102;0,0;4,58091926575;0,0;0,0;8,45005130768;0,0;0,0;3,12866163254;0,0;0,0;23,077375412;1,79466629028;-2;85;3;
2019-04-19 14:06:32.492571;0,0;12,463312149;0,286583304405;0,0;4,54531812668;0,0;0,0;8,44327545166;0,0;0,0;3,12704348564;0,0;0,0;23,0580558777;2,50370025635;-2;85;3;
2019-04-19 14:06:33.434984;0,0;12,5477323532;0,15133690834;0,0;4,55028104782;0,0;0,0;8,42863082886;0,0;0,0;3,1235370636;0,0;0,0;22,9947166443;2,26026821136;-2;85;3;
2019-04-19 14:06:34.377321;0,0;12,6023445129;0,635284543037;0,0;4,57123327255;0,0;0,0;8,41992473602;0,0551695823669;0,0;3,12031269073;0,0;0,0;22,9469280243;2,82462692261;-2;85;3;
2019-04-19 14:06:35.318442;0,0;12,7424755096;0,195457577705;0,0;4,58545255661;0,0;0,0;8,44328308105;0,0;0,0;3,1235203743;0,0;0,0;22,9854431152;2,90386009216;-2;85;3;
2019-04-19 14:06:36.259570;0,0;12,6508245468;0,368734002113;0,0;4,57395505905;0,0;0,0;8,44508171082;0,0;0,0;3,12309026718;0,0;0,0;22,9869804382;3,20763301849;-2;85;3;
2019-04-19 14:06:37.201935;0,0;12,6507120132;0,548990011215;0,0;4,56734800339;0,0;0,0;8,44878959656;0,0165557861328;0,0;3,12317848206;0,0;0,0;23,0089702606;3,44343948364;-2;85;3;
2019-04-19 14:06:38.146805;0,0;12,8053016663;1,00851547718;0,0;4,57536888123;0,0;0,0;8,45241165161;0,337058067322;0,0;3,12385749817;0,0;0,0;23,1238880157;5,98888301849;-2;85;3;
2019-04-19 14:06:39.087918;0,188838005066;12,7700529099;1,10450828075;0,0;4,56811285019;0,0;0,0;8,43502998352;0,416434645653;0,0;3,12244534492;0,0;0,0;23,2125701904;7,45131492615;-2;85;3;
2019-04-19 14:06:40.029039;0,0;12,7178134918;0,393908500671;0,0;4,58351278305;0,0;0,0;8,43724632263;0,0;0,0;3,12595891953;0,0;0,0;23,225687027;7,55137252808;-2;85;3;
2019-04-19 14:06:40.972659;0,0;12,6212682724;0,54576921463;0,0;4,56182146072;0,0;0,0;8,42420482635;0,0;0,0;3,1219060421;0,0;0,0;23,2201976776;7,97242736816;-2;85;3;
2019-04-19 14:06:41.915080;0,0;12,4711942673;0,699960112572;0,0;4,55201721191;0,0;0,0;8,41749858856;0,125386238098;0,0;3,11746740341;0,0;0,0;23,1768455505;8,57639503479;-2;85;3;
2019-04-19 14:06:42.858653;0,0;12,5182409286;1,13849270344;0,0;4,5526099205;0,0;0,0;8,43660259247;0,356156826019;0,0;3,12130999565;0,0;0,0;23,0812778473;9,19186210632;-2;85;3;
2019-04-19 14:06:43.802275;0,0;12,120218277;0,0;0,0;4,52287149429;0,0;0,0;8,43231105804;0,0;0,0;3,11991596222;0,0;0,0;22,9295921326;5,77822208405;-2;85;3;
2019-04-19 14:06:44.744703;0,0;12,1176929474;0,0;0,0;4,52133512497;0,0;0,0;8,4241361618;0,0;0,0;3,12027287483;0,0;0,0;22,7811203003;4,84519672394;-2;85;3;
2019-04-19 14:06:45.689520;0,0;12,1525831223;0,0;0,0;4,51588630676;0,0;0,0;8,42490386963;0,0;0,0;3,12237453461;0,0;0,0;22,7450847626;4,14896297455;-2;85;3;
2019-04-19 14:06:46.631891;0,0;12,1847782135;0,0;0,0;4,53408908844;0,0;0,0;8,44457054138;0,0;0,0;3,13137674332;0,0;0,0;22,662115097;1,87235164642;-2;85;3;
2019-04-19 14:06:47.574312;0,0;12,6990003586;0,240436315536;0,0;4,54684972763;0,0;0,0;8,41472911835;0,0;0,0;3,11605238914;0,0;0,0;22,7021617889;0,0;-2;85;3;
2019-04-19 14:06:48.515423;0,0;12,5600833893;0,627323746681;0,0;4,54485845566;0,0;0,0;8,42623806;0,14019536972;0,0;3,11887359619;0,0;0,0;22,7826519012;0,109035491943;-2;85;3;
2019-04-19 14:06:49.458990;0,0;12,12819767;0,0403175354004;0,0;4,50986623764;0,0;0,0;8,42173290253;0,0;0,0;3,11758446693;0,0;0,0;22,7788848877;0,5460729599;-2;85;3;
2019-04-19 14:06:50.401368;0,0;12,1161899567;0,0;0,0;4,51868486404;0,0;0,0;8,43597698212;0,0;0,0;3,12277460098;0,0;0,0;22,7833633423;0,574303627014;-2;85;3;
2019-04-19 14:06:51.343732;0,0;12,3626346588;0,0784261226654;0,0;4,54040288925;0,0;0,0;8,45878314972;0,0;0,0;3,1288523674;0,0;0,0;22,8483009338;2,19727039337;-2;85;3;
2019-04-19 14:06:52.286104;0,323591947556;13,0873775482;1,60989332199;0,0;4,5876955986;0,0;0,0;8,46122646332;1,03542459011;0,0;3,12319111824;0,0;0,0;23,0921516418;8,52383804321;-2;85;3;
2019-04-19 14:06:53.228491;0,286482810974;12,4945363998;1,63266551495;0,0;4,54942703247;0,0;0,0;8,43045806885;1,00392210484;0,0;3,12332129478;0,0;0,0;23,0732383728;11,3055009842;-2;85;3;
2019-04-19 14:06:54.172104;0,17542719841;12,5592498779;1,47456347942;0,0;4,56096458435;0,0;0,0;8,43648529053;0,658309459686;0,0;3,12258672714;0,0;0,0;23,1932106018;11,7839975357;-2;85;3;
2019-04-19 14:06:55.115716;0,0;12,5623445511;0,346984267235;0,0;4,55726385117;0,0;0,0;8,43596935272;0,0;0,0;3,12166833878;0,0;0,0;23,2888031006;12,142168045;-2;85;3;
2019-04-19 14:06:56.056835;0,0;12,6850442886;0,607670903206;0,0;4,54094839096;0,0;0,0;8,43538188934;0,228869199753;0,0;3,1169295311;0,0;0,0;23,426864624;12,6631345749;-2;85;3;
2019-04-19 14:06:57.000456;0,0;12,5366630554;0,346526503563;0,0;4,55940628052;0,0;0,0;8,43922710419;0,0;0,0;3,11825370789;0,0;0,0;23,2476844788;11,5403614044;-2;85;3;
2019-04-19 14:06:57.941573;0,0;12,5097608566;0,316946387291;0,0;4,53879833221;0,0;0,0;8,43883991241;0,0;0,0;3,12111973763;0,0;0,0;23,2044334412;7,76932907104;-2;85;3;
2019-04-19 14:06:58.883938;0,0;12,2955112457;0,0;0,0;4,52419948578;0,0;0,0;8,43360042572;0,0;0,0;3,124355793;0,0;0,0;23,1615962982;4,71615695953;-2;85;3;
2019-04-19 14:06:59.833820;0,0;12,077662468;0,0;0,0;4,50754594803;0,0;0,0;8,42936515808;0,0;0,0;3,12529945374;0,0;0,0;23,0353889465;3,40620803833;-2;85;3;
2019-04-19 14:07:00.776189;0,0;12,1058855057;0,0;0,0;4,51197576523;0,0;0,0;8,40449237823;0,0;0,0;3,11676049232;0,0;0,0;22,8343086243;0,837969779968;-2;85;3;
2019-04-19 14:07:01.717312;0,0;12,3331613541;0,0;0,0;4,53746366501;0,0;0,0;8,4450044632;0,0;0,0;3,12752723694;0,0;0,0;22,7840042114;0,0;-2;85;3;
2019-04-19 14:07:02.659680;0,0;13,0089473724;0,693989634514;0,0;4,59538555145;0,0;0,0;8,45356655121;0,176033139229;0,0;3,11802721024;0,0;0,0;22,9632854462;0,545393943787;-2;85;3;
2019-04-19 14:07:03.602051;0,0;12,8578863144;0,375854253769;0,0;4,5643863678;0,0;0,0;8,44148159027;0,0;0,0;3,11745929718;0,0;0,0;23,0358028412;0,611145019531;-2;85;3;
2019-04-19 14:07:04.546926;0,0749251842499;12,6916675568;1,08865964413;0,0;4,56785392761;0,0;0,0;8,47557353973;0,486894369125;0,0;3,12783312798;0,0;0,0;23,2562561035;4,9602022171;-2;85;3;
2019-04-19 14:07:05.489292;0,0;12,6466617584;0,905752301216;0,0;4,54074811935;0,0;0,0;8,43618297577;0,338462710381;0,0;3,1212079525;0,0;0,0;23,3780250549;7,78224945068;-2;85;3;
2019-04-19 14:07:06.431659;0,0;12,8204250336;0,579466819763;0,0;4,55127620697;0,0;0,0;8,42974758148;0,0850160121918;0,0;3,11959981918;0,0;0,0;23,4797801971;8,8800201416;-2;85;3;
2019-04-19 14:07:07.376533;0,0;12,7290153503;0,645276665688;0,0;4,56005525589;0,0;0,0;8,44380474091;0,151477456093;0,0;3,12425518036;0,0;0,0;23,3601951599;8,81057357788;-2;85;3;
2019-04-19 14:07:08.317653;0,0;12,4025287628;0,462246894836;0,0;4,54646348953;0,0;0,0;8,42706489563;0,0;0,0;3,11774110794;0,0;0,0;23,2347259521;8,84782791138;-2;85;3;
2019-04-19 14:07:09.258780;0,0158516168594;12,7963457108;0,622832894325;0,0;4,58128976822;0,0;0,0;8,44957256317;0,133889079094;0,0;3,12014484406;0,0;0,0;23,1983604431;7,85416793823;-2;85;3;
2019-04-19 14:07:10.201154;0,0;12,1509609222;0,0;0,0;4,52618741989;0,0;0,0;8,44028377533;0,0;0,0;3,12311291695;0,0;0,0;23,0860042572;4,70255470276;-2;85;3;
2019-04-19 14:07:11.143527;0,0;12,1375312805;0,0;0,0;4,51733541489;0,0;0,0;8,41846847534;0,0;0,0;3,12138414383;0,0;0,0;22,9328765869;3,58930301666;-2;85;3;
2019-04-19 14:07:12.085886;0,0;12,1623039246;0,0;0,0;4,52634763718;0,0;0,0;8,42958068848;0,0;0,0;3,12328147888;0,0;0,0;22,8335227966;1,3273525238;-2;85;3;
2019-04-19 14:07:13.029509;0,0;12,249414444;0,0;0,0;4,5336971283;0,0;0,0;8,42420387268;0,0;0,0;3,12088656425;0,0;0,0;22,8103809357;0,0;-2;85;3;
2019-04-19 14:07:13.969383;0,0;12,4761714935;0,0;0,0;4,55843448639;0,0;0,0;8,45098018646;0,0;0,0;3,12912940979;0,0;0,0;22,6822414398;0,0;-2;85;3;
2019-04-19 14:07:14.914307;0,0;12,5468645096;0,318734526634;0,0;4,53196620941;0,0;0,0;8,42661190033;0,0;0,0;3,11442232132;0,0;0,0;22,7569313049;0,0;-2;85;3;
2019-04-19 14:07:15.855413;0,0;12,4212713242;0,455358028412;0,0;4,52338504791;0,0;0,0;8,43340873718;0,0352786779404;0,0;3,11742711067;0,0;0,0;22,7742347717;0,0;-2;85;3;
2019-04-19 14:07:16.805317;0,0;12,1919584274;0,0;0,0;4,51938915253;0,0;0,0;8,4503736496;0,0;0,0;3,12463068962;0,0;0,0;22,7755508423;0,0;-2;85;3;
2019-04-19 14:07:17.747614;0,0;12,2147655487;0,0;0,0;4,52633810043;0,0;0,0;8,43099880219;0,0;0,0;3,1205136776;0,0;0,0;22,770565033;0,0;-2;85;3;
2019-04-19 14:07:18.688728;0,0;12,4102535248;0,0816308259964;0,0;4,54722166061;0,0;0,0;8,43747329712;0,0;0,0;3,12411928177;0,0;0,0;22,7717552185;0,774829864502;-2;85;3;
2019-04-19 14:07:19.631103;0,0;12,4382829666;0,0;0,0;4,53676128387;0,0;0,0;8,45044136047;0,0;0,0;3,12984323502;0,0;0,0;22,802324295;0,0524482727051;-2;85;3;
2019-04-19 14:07:20.573459;0,0;12,3034858704;0,0;0,0;4,52555084229;0,0;0,0;8,4291934967;0,0;0,0;3,11939287186;0,0;0,0;22,787940979;0,0;-2;85;3;
2019-04-19 14:07:21.515845;0,393837928772;13,1408014297;1,7179735899;0,00816029310226;4,61543464661;0,0;0,0;8,49017620087;1,04772293568;0,0;3,12465977669;0,0;0,0;23,1739406586;7,38663291931;-2;85;3;
2019-04-19 14:07:22.458213;0,0575829744339;12,9204597473;0,743647933006;0,0;4,59376192093;0,0;0,0;8,46055316925;0,230870604515;0,0;3,11996626854;0,0;0,0;23,365234375;8,9699382782;-2;85;3;
2019-04-19 14:07:23.400579;0,0987071990967;12,8013696671;0,970808625221;0,0;4,58546209335;0,0;0,0;8,45575237274;0,220058202744;0,0;3,11995267868;0,0;0,0;23,5163650513;10,2548456192;-2;85;3;
2019-04-19 14:07:24.342952;0,0;12,8929681778;0,485605716705;0,0;4,56243181229;0,0;0,0;8,45606899261;0,0;0,0;3,12291646004;0,0;0,0;23,5721569061;10,3570947647;-2;85;3;
2019-04-19 14:07:25.284071;0,0;12,3913707733;0,0;0,0;4,52246618271;0,0;0,0;8,42674732208;0,0;0,0;3,11984777451;0,0;0,0;23,5444355011;10,1680784225;-2;85;3;
2019-04-19 14:07:26.226441;0,0;12,5173778534;0,0283303260803;0,0;4,54358434677;0,0;0,0;8,46771526337;0,0;0,0;3,1341574192;0,0;0,0;23,3712310791;4,78853034973;-2;85;3;
2019-04-19 14:07:27.168822;0,0;12,2324819565;0,0;0,0;4,52709531784;0,0;0,0;8,43069267273;0,0;0,0;3,1225066185;0,0;0,0;23,184671402;3,25561332703;-2;85;3;
2019-04-19 14:07:28.112431;0,0;12,8855981827;0,669954895973;0,0;4,58410406113;0,0;0,0;8,44278526306;0,681038737297;0,0;3,11234235764;0,0;0,0;23,2692508698;5,21804523468;-2;85;3;
2019-04-19 14:07:29.062321;0,205171942711;12,8079748154;1,6266014576;0,0;4,56473112106;0,0;0,0;8,42693138123;0,968735933304;0,0;3,10586118698;0,0;0,0;23,2082309723;7,64388084412;-2;85;3;
2019-04-19 14:07:30.003421;0,0;12,2181835175;0,0;0,0;4,5112657547;0,0;0,0;8,45063209534;0,0;0,0;3,12274694443;0,0;0,0;23,1634635925;7,7202091217;-2;85;3;
2019-04-19 14:07:30.947043;0,0;12,2780218124;0,0;0,0;4,52490949631;0,0;0,0;8,43592071533;0,0;0,0;3,11911153793;0,0;0,0;23,0901012421;7,54364585876;-2;85;3;
2019-04-19 14:07:31.889418;0,0;12,2061100006;0,0;0,0;4,53764915466;0,0;0,0;8,44588756561;0,0;0,0;3,12607979774;0,0;0,0;23,043586731;7,30102157593;-2;85;3;
2019-04-19 14:07:32.830538;0,0;12,4289531708;0,388239979744;0,0;4,54999446869;0,0;0,0;8,4454908371;0,306334614754;0,0;3,12570428848;0,0;0,0;23,0543117523;7,5246257782;-2;85;3;
2019-04-19 14:07:33.780406;0,0844869613647;12,7690563202;1,40165364742;0,0;4,56875514984;0,0;0,0;8,43894004822;0,71748650074;0,0;3,11926603317;0,0;0,0;22,9104042053;5,24445533752;-2;85;3;
2019-04-19 14:07:34.721524;0,0;12,652838707;0,37512409687;0,0;4,56121015549;0,0;0,0;8,45317363739;0,0;0,0;3,12393045425;0,0;0,0;22,9485416412;5,3158864975;-2;85;3;
2019-04-19 14:07:35.663889;0,153775334358;12,6981229782;1,25038516521;0,0;4,58416938782;0,0;0,0;8,42489147186;0,670173406601;0,0;3,10740685463;0,0;0,0;23,1755409241;9,21642875671;-2;85;3;
2019-04-19 14:07:36.606270;0,125633358955;12,710641861;1,5196865797;0,0;4,57100057602;0,0;0,0;8,48310661316;0,810099244118;0,0;3,12794876099;0,0;0,0;23,2733459473;11,5880250931;-2;85;3;
2019-04-19 14:07:37.551137;0,0;12,1978549957;0,598619103432;0,0;4,52307605743;0,0;0,0;8,46054363251;0,0;0,0;3,12437939644;0,0;0,0;23,1637992859;11,4714632034;-2;85;3;
2019-04-19 14:07:38.494872;0,0;12,1508293152;0,0;0,0;4,51520395279;0,0;0,0;8,4258184433;0,0;0,0;3,12034988403;0,0;0,0;23,0863075256;10,422501564;-2;85;3;
2019-04-19 14:07:39.438385;0,0;12,1738090515;0,0;0,0;4,53160858154;0,0;0,0;8,44875240326;0,0;0,0;3,12998461723;0,0;0,0;23,0212287903;10,0487365723;-2;85;3;
2019-04-19 14:07:40.381999;0,0;12,1895771027;0,0;0,0;4,5266957283;0,0;0,0;8,46113491058;0,0;0,0;3,13386011124;0,0;0,0;22,8765468597;7,0016078949;-2;85;3;
2019-04-19 14:07:41.324417;0,0;12,1605291367;0,0;0,0;4,52358961105;0,0;0,0;8,43930149078;0,0;0,0;3,1243917942;0,0;0,0;22,6686630249;0,0;-2;85;3;
2019-04-19 14:07:42.269246;0,0;12,15239048;0,0;0,0;4,51902198792;0,0;0,0;8,42901039124;0,0;0,0;3,11860466003;0,0;0,0;22,659740448;0,0;-2;85;3;
2019-04-19 14:07:43.212864;0,0;12,1560153961;0,0;0,0;4,5238070488;0,0;0,0;8,43693065643;0,0;0,0;3,11878824234;0,0;0,0;22,6578712463;0,0;-2;85;3;
2019-04-19 14:07:44.155284;0,0;12,1294898987;0,0;0,0;4,52070760727;0,0;0,0;8,41910743713;0,0;0,0;3,11466956139;0,0;0,0;22,6475734711;0,0;-2;85;3;
2019-04-19 14:07:45.096355;0,0;12,2021436691;0,0;0,0;4,54721736908;0,0;0,0;8,4754114151;0,0;0,0;3,13649439812;0,0;0,0;22,6482620239;0,0;-2;85;3;
2019-04-19 14:07:46.037470;0,0;12,1105747223;0,0;0,0;4,51984930038;0,0;0,0;8,42160701752;0,0;0,0;3,12156271935;0,0;0,0;22,6462001801;0,0;-2;85;3;
2019-04-19 14:07:46.979842;0,0;12,1040067673;0,0;0,0;4,5134267807;0,0;0,0;8,42419528961;0,0;0,0;3,12217473984;0,0;0,0;22,6498279572;0,0;-2;85;3;
2019-04-19 14:07:47.922211;0,0;12,1834526062;0,0;0,0;4,52241659164;0,0;0,0;8,42799282074;0,0;0,0;3,11974358559;0,0;0,0;22,6555175781;0,0;-2;85;3;
2019-04-19 14:07:48.863325;0,0;12,2271623611;0,0;0,0;4,52219152451;0,0;0,0;8,43605613708;0,0;0,0;3,12039422989;0,0;0,0;22,6608600616;0,0;-2;85;3;
2019-04-19 14:07:49.808205;0,0;12,1107387543;0,0;0,0;4,52644109726;0,0;0,0;8,44776153564;0,0;0,0;3,12269234657;0,0;0,0;22,6366252899;0,0;-2;85;3;
2019-04-19 14:07:50.749324;0,0;12,2215251923;0,0;0,0;4,52322340012;0,0;0,0;8,43160820007;0,0;0,0;3,11751413345;0,0;0,0;22,6606750488;0,0;-2;85;3;
2019-04-19 14:07:51.692950;0,0;12,484998703;0,0;0,0;4,55944347382;0,0;0,0;8,44769191742;0,0;0,0;3,12563657761;0,0;0,0;22,7385730743;0,0;-2;85;3;
2019-04-19 14:07:52.635370;0,0;12,7490568161;0,280932426453;0,0;4,56568670273;0,0;0,0;8,44475841522;0,0;0,0;3,12446641922;0,0;0,0;22,848903656;0,0;-2;85;3;
2019-04-19 14:07:53.580186;0,0;12,4194736481;0,022916674614;0,0;4,56052732468;0,0;0,0;8,44156074524;0,0;0,0;3,12545585632;0,0;0,0;22,8903388977;0,0;-2;85;3;
2019-04-19 14:07:54.522559;0,0;12,5843029022;0,30265712738;0,0;4,5461564064;0,0;0,0;8,41842842102;0,0;0,0;3,11486005783;0,0;0,0;22,9592018127;0,937991142273;-2;85;3;
2019-04-19 14:07:55.466181;0,0;12,6112985611;0,267965912819;0,0;4,57649755478;0,0;0,0;8,45545864105;0,0;0,0;3,12659835815;0,0;0,0;23,0175075531;1,53302955627;-2;85;3;
2019-04-19 14:07:56.407292;0,0;12,3864517212;0,0;0,0;4,52607488632;0,0;0,0;8,43379116058;0,0;0,0;3,11670279503;0,0;0,0;22,9919261932;1,19470882416;-2;85;3;
2019-04-19 14:07:57.348410;0,0;12,4596586227;0,0;0,0;4,54149103165;0,0;0,0;8,4488286972;0,0;0,0;3,12364697456;0,0;0,0;22,9121665955;0,271919250488;-2;85;3;
2019-04-19 14:07:58.290791;0,0;12,347205162;0,0;0,0;4,54377794266;0,0;0,0;8,41993045807;0,0;0,0;3,1155333519;0,0;0,0;22,88971138;0,0;-2;85;3;
2019-04-19 14:07:59.231915;0,0;12,5074310303;0,0;0,0;4,55401802063;0,0;0,0;8,43140220642;0,0;0,0;3,1205830574;0,0;0,0;22,8639469147;0,0;-2;85;3;
2019-04-19 14:08:00.175525;0,0;12,1683511734;0,0;0,0;4,51450252533;0,0;0,0;8,43004131317;0,0;0,0;3,12323570251;0,0;0,0;22,8225746155;0,0;-2;85;3;
2019-04-19 14:08:01.117886;0,0;12,2298355103;0,0;0,0;4,53510570526;0,0;0,0;8,43193340302;0,0;0,0;3,12064671516;0,0;0,0;22,765871048;0,0;-2;85;3;
2019-04-19 14:08:02.066516;0,0;12,1372394562;0,0;0,0;4,51822042465;0,0;0,0;8,44014835358;0,0;0,0;3,12067174911;0,0;0,0;22,7325630188;0,0;-2;85;3;
2019-04-19 14:08:03.008884;0,0;12,1500682831;0,0;0,0;4,50952672958;0,0;0,0;8,42532444;0,0;0,0;3,11634492874;0,0;0,0;22,7166423798;0,0;-2;85;3;
2019-04-19 14:08:03.951254;0,0;12,7027015686;0,514042973518;0,0;4,57226324081;0,0;0,0;8,4703245163;0,0523651838303;0,0;3,12659692764;0,0;0,0;22,8477706909;0,0;-2;85;3;
2019-04-19 14:08:04.896130;0,0;12,5699005127;0,239074826241;0,0;4,54729032516;0,0;0,0;8,42767524719;0,0;0,0;3,11851549149;0,0;0,0;22,8841781616;0,47910118103;-2;85;3;
2019-04-19 14:08:05.838500;0,0;12,4053678513;0,0361553430557;0,0;4,53619909286;0,0;0,0;8,42807769775;0,0;0,0;3,12089014053;0,0;0,0;22,9607543945;1,26713275909;-2;85;3;
2019-04-19 14:08:06.780878;0,0;12,1295833588;0,0;0,0;4,5268573761;0,0;0,0;8,41888332367;0,0;0,0;3,12102603912;0,0;0,0;22,9336967468;0,886945724487;-2;85;3;
2019-04-19 14:08:07.723240;0,0;12,3685798645;0,0;0,0;4,52897787094;0,0;0,0;8,43654632568;0,0;0,0;3,12292337418;0,0;0,0;22,9868030548;1,16806697845;-2;85;3;
2019-04-19 14:08:08.665607;0,0;12,2653484344;0,0;0,0;4,51948881149;0,0;0,0;8,42911815643;0,0;0,0;3,11789274216;0,0;0,0;22,888753891;0,0;-2;85;3;
2019-04-19 14:08:09.607985;0,0;12,7032337189;0,0775318145752;0,0;4,55329370499;0,0;0,0;8,45110034943;0,0;0,0;3,11903524399;0,0;0,0;22,9503517151;0,0;-2;85;3;
2019-04-19 14:08:10.552956;0,0;12,8160209656;0,0849491357803;0,0;4,60087442398;0,0;0,0;8,46554660797;0,0;0,0;3,12414598465;0,0;0,0;22,9767341614;0,0;-2;85;3;
2019-04-19 14:08:11.496587;0,0;12,8126792908;0,105191349983;0,0;4,57871961594;0,0;0,0;8,44427204132;0,0;0,0;3,1203520298;0,0;0,0;23,0700397491;0,0;-2;85;3;
2019-04-19 14:08:12.440207;0,0;12,8871822357;0,281861305237;0,0;4,59484291077;0,0;0,0;8,44703960419;0,0;0,0;3,12412786484;0,0;0,0;23,1172599792;0,0;-2;85;3;
2019-04-19 14:08:13.383823;0,0;12,6952934265;0,0544310808182;0,0;4,55838346481;0,0;0,0;8,43217754364;0,0;0,0;3,12009310722;0,0;0,0;23,2063407898;0,403058052063;-2;85;3;
2019-04-19 14:08:14.327444;0,0;12,7238903046;0,0;0,0;4,57190656662;0,0;0,0;8,43385696411;0,0;0,0;3,11734819412;0,0;0,0;23,143705368;0,0;-2;85;3;
2019-04-19 14:08:15.271062;0,0;12,2580013275;0,0;0,0;4,53405857086;0,0;0,0;8,43356609344;0,0;0,0;3,12035942078;0,0;0,0;23,0645484924;0,0;-2;85;3;
2019-04-19 14:08:16.215933;0,0;12,2700872421;0,0;0,0;4,53906297684;0,0;0,0;8,45294857025;0,0;0,0;3,12496995926;0,0;0,0;22,9583930969;0,0;-2;85;3;
2019-04-19 14:08:17.162089;0,0;12,1723957062;0,0;0,0;4,53232860565;0,0;0,0;8,43830013275;0,0;0,0;3,12067985535;0,0;0,0;22,9206104279;0,0;-2;85;3;
2019-04-19 14:08:18.104476;0,0;12,1595783234;0,0;0,0;4,52943325043;0,0;0,0;8,44645500183;0,0;0,0;3,12678170204;0,0;0,0;22,7650203705;0,0;-2;85;3;
2019-04-19 14:08:19.049290;0,0;12,1472320557;0,0;0,0;4,51964473724;0,0;0,0;8,43851470947;0,0;0,0;3,12807512283;0,0;0,0;22,6650695801;0,0;-2;85;3;
2019-04-19 14:08:19.992919;0,0;12,1832103729;0,0;0,0;4,51295804977;0,0;0,0;8,41945457458;0,0;0,0;3,11813044548;0,0;0,0;22,6467723846;0,0;-2;85;3;
2019-04-19 14:08:20.936531;0,0;12,1058244705;0,0;0,0;4,50496244431;0,0;0,0;8,40711116791;0,0;0,0;3,1118414402;0,0;0,0;22,6171073914;0,0;-2;85;3;
2019-04-19 14:08:21.880149;0,0;12,1772756577;0,0;0,0;4,52387428284;0,0;0,0;8,44419384003;0,0;0,0;3,12262225151;0,0;0,0;22,6348876953;0,0;-2;85;3;
2019-04-19 14:08:22.823768;0,0;12,1688833237;0,0;0,0;4,51454687119;0,0;0,0;8,43705272675;0,0;0,0;3,12058568001;0,0;0,0;22,6361122131;0,0;-2;85;3;
2019-04-19 14:08:23.769900;0,0;12,2301921844;0,0;0,0;4,53521871567;0,0;0,0;8,44407176971;0,0;0,0;3,12195134163;0,0;0,0;22,6627883911;0,0;-2;85;3;
2019-04-19 14:08:24.716044;0,0;12,7590398788;0,10186958313;0,0169106721878;4,59732723236;0,0;0,0;8,46848869324;0,0;0,0;3,13376092911;0,0;0,0;22,7542934418;0,0;-2;85;3;
2019-04-19 14:08:25.660890;0,0562726259232;12,8197460175;0,574702620506;0,0;4,57790899277;0,0;0,0;8,44072246552;0,0;0,0;3,12221074104;0,0;0,0;22,9070396423;0,0;-2;85;3;
2019-04-19 14:08:26.604578;0,0;12,7924251556;0,106633067131;0,0;4,61628437042;0,0;0,0;8,44689464569;0,0;0,0;3,12869954109;0,0;0,0;22,9478492737;0,0409488677979;-2;85;3;
2019-04-19 14:08:27.549391;0,0;12,4040298462;0,0;0,0;4,54422092438;0,0;0,0;8,41847133636;0,0;0,0;3,11641550064;0,0;0,0;22,982629776;0,491248130798;-2;85;3;
2019-04-19 14:08:28.495536;0,0;12,2046833038;0,0;0,0;4,52568626404;0,0;0,0;8,44255638123;0,0;0,0;3,12379360199;0,0;0,0;22,9705810547;0,353324890137;-2;85;3;
2019-04-19 14:08:29.437887;0,0;12,1529941559;0,0;0,0;4,52010250092;0,0;0,0;8,43905830383;0,0;0,0;3,12127065659;0,0;0,0;22,896944046;0,0;-2;85;3;
2019-04-19 14:08:30.381492;0,0;12,1239109039;0,0;0,0;4,52108860016;0,0;0,0;8,43593406677;0,0;0,0;3,12126588821;0,0;0,0;22,8087062836;0,0;-2;85;3;
2019-04-19 14:08:31.325170;0,0;12,1648550034;0,0;0,0;4,51376008987;0,0;0,0;8,42774868011;0,0;0,0;3,11946630478;0,0;0,0;22,684305191;0,0;-2;85;3;
2019-04-19 14:08:32.269983;0,0;12,6487522125;0,0201662778854;0,0;4,56570196152;0,0;0,0;8,45020198822;0,0;0,0;3,12792778015;0,0;0,0;22,8226985931;0,0;-2;85;3;
2019-04-19 14:08:33.214890;0,0;12,4667415619;0,0;0,0;4,55751800537;0,0;0,0;8,43819713593;0,0;0,0;3,12401604652;0,0;0,0;22,8494358063;0,0;-2;85;3;
2019-04-19 14:08:34.157231;0,0;12,594165802;0,0;0,0;4,58570432663;0,0;0,0;8,45480728149;0,0;0,0;3,12557625771;0,0;0,0;22,9482536316;0,0;-2;85;3;
2019-04-19 14:08:35.102118;0,0;12,5364027023;0,0;0,0;4,57463121414;0,0;0,0;8,43654918671;0,0;0,0;3,11802482605;0,0;0,0;23,0010185242;0,0;-2;85;3;
2019-04-19 14:08:36.048215;0,0;12,2331676483;0,0;0,0;4,52770709991;0,0;0,0;8,43841552734;0,0;0,0;3,12116765976;0,0;0,0;23,008644104;0,0;-2;85;3;
2019-04-19 14:08:37.053099;0,0;12,1427345276;0,0;0,0;4,51147031784;0,0;0,0;8,42551708221;0,0;0,0;3,11660480499;0,0;0,0;22,8584423065;0,0;-2;85;3;
2019-04-19 14:08:37.996709;0,0;12,2403659821;0,0;0,0;4,53370857239;0,0;0,0;8,45255947113;0,0;0,0;3,12991690636;0,0;0,0;22,8084506989;0,0;-2;85;3;
2019-04-19 14:08:38.944094;0,0;12,2652626038;0,0;0,0;4,52139425278;0,0;0,0;8,42015266418;0,0;0,0;3,12016510963;0,0;0,0;22,7560768127;0,0;-2;85;3;
2019-04-19 14:08:39.891458;0,0;12,2810134888;0,0;0,0;4,53680324554;0,0;0,0;8,44285869598;0,0;0,0;3,13091897964;0,0;0,0;22,6960487366;0,0;-2;85;3;
2019-04-19 14:08:40.835136;0,0;12,204536438;0,0;0,0;4,50658941269;0,0;0,0;8,40905284882;0,0;0,0;3,11665081978;0,0;0,0;22,6957969666;0,0;-2;85;3;
2019-04-19 14:08:41.778705;0,0;12,2556858063;0,0;0,0;4,52713680267;0,0;0,0;8,43776607513;0,0;0,0;3,12276291847;0,0;0,0;22,7335262299;0,0;-2;85;3;
2019-04-19 14:08:42.723575;0,0;12,2190504074;0,0;0,0;4,51483106613;0,0;0,0;8,42890357971;0,0;0,0;3,11852788925;0,0;0,0;22,7538490295;0,0;-2;85;3;
2019-04-19 14:08:43.665934;0,0;12,4334659576;0,365235447884;0,0;4,53422212601;0,0;0,0;8,42485332489;0,0;0,0;3,11619281769;0,0;0,0;22,7733955383;0,52995300293;-2;85;3;
2019-04-19 14:08:44.608313;0,00332367420197;12,5995616913;0,801390528679;0,0;4,55634641647;0,0;0,0;8,44541072845;0,191676497459;0,0;3,12513446808;0,0;0,0;22,8086166382;3,59797000885;-2;85;3;
2019-04-19 14:08:45.551933;0,0;12,180683136;0,00897037982941;0,0;4,5266866684;0,0;0,0;8,42161464691;0,0;0,0;3,12161636353;0,0;0,0;22,8151187897;3,76888942719;-2;85;3;
2019-04-19 14:08:46.495582;0,0;12,235833168;0,0;0,0;4,52316474915;0,0;0,0;8,44480323792;0,0;0,0;3,13278961182;0,0;0,0;22,7989330292;3,99914741516;-2;85;3;
2019-04-19 14:08:47.441676;0,0;12,1831636429;0,0;0,0;4,52754402161;0,0;0,0;8,42311286926;0,0;0,0;3,12091970444;0,0;0,0;22,7774829865;3,81821250916;-2;85;3;
2019-04-19 14:08:48.387793;0,0;12,4301052094;0,0;0,0;4,5608587265;0,0;0,0;8,44099330902;0,0;0,0;3,12397408485;0,0;0,0;22,7767028809;2,66346359253;-2;85;3;
2019-04-19 14:08:49.331419;0,0;12,6567897797;0,138650536537;0,0;4,56355190277;0,0;0,0;8,44591808319;0,0;0,0;3,12286162376;0,0;0,0;22,803401947;1,30682945251;-2;85;3;
2019-04-19 14:08:50.273772;0,0;12,2214021683;0,0;0,0;4,52540540695;0,0;0,0;8,44914913177;0,0;0,0;3,12578487396;0,0;0,0;22,7750663757;0,0;-2;85;3;
2019-04-19 14:08:51.217403;0,0;12,2138156891;0,0;0,0;4,52651453018;0,0;0,0;8,43077754974;0,0;0,0;3,1233921051;0,0;0,0;22,7964572906;0,0;-2;85;3;
2019-04-19 14:08:52.161016;0,0;12,2515659332;0,0;0,0;4,52132320404;0,0;0,0;8,42040538788;0,0;0,0;3,12206888199;0,0;0,0;22,7868976593;0,0;-2;85;3;
2019-04-19 14:08:53.104704;0,0;12,1629533768;0,0;0,0;4,53510713577;0,0;0,0;8,4473695755;0,0;0,0;3,13105845451;0,0;0,0;22,7692050934;0,0;-2;85;3;
2019-04-19 14:08:54.055780;0,0;12,3189153671;0,0;0,0;4,5323176384;0,0;0,0;8,44020748138;0,0;0,0;3,12786531448;0,0;0,0;22,7126808167;0,0;-2;85;3;
2019-04-19 14:08:54.998145;0,0;12,2238941193;0,0;0,0;4,52289152145;0,0;0,0;8,44481182098;0,0;0,0;3,12693810463;0,0;0,0;22,7097759247;0,0;-2;85;3;
2019-04-19 14:08:55.941750;0,0;12,1849308014;0,0;0,0;4,5223865509;0,0;0,0;8,41252422333;0,0;0,0;3,11385607719;0,0;0,0;22,6950836182;0,0;-2;85;3;
2019-04-19 14:08:56.885421;0,0;12,2679109573;0,0;0,0;4,52390098572;0,0;0,0;8,4645318985;0,0;0,0;3,132168293;0,0;0,0;22,7054405212;0,0;-2;85;3;
2019-04-19 14:08:57.827741;0,0;12,3024263382;0,0;0,0;4,52698659897;0,0;0,0;8,42269039154;0,0;0,0;3,12079977989;0,0;0,0;22,7010192871;0,0;-2;85;3;
2019-04-19 14:08:58.768882;0,0;12,1278581619;0,0;0,0;4,53514242172;0,0;0,0;8,45172595978;0,0;0,0;3,13417863846;0,0;0,0;22,6871395111;0,0;-2;85;3;
2019-04-19 14:08:59.713757;0,0;12,168592453;0,0;0,0;4,52186346054;0,0;0,0;8,42594528198;0,0;0,0;3,12496423721;0,0;0,0;22,684129715;0,0;-2;85;3;
2019-04-19 14:09:00.657360;0,0;12,4354305267;0,260289549828;0,0;4,54769563675;0,0;0,0;8,43476295471;0,0;0,0;3,12507390976;0,0;0,0;22,7195072174;0,0;-2;85;3;
2019-04-19 14:09:01.600996;0,0;12,1894607544;0,0;0,0;4,51476335526;0,0;0,0;8,4259147644;0,0;0,0;3,12038183212;0,0;0,0;22,7049674988;0,0;-2;85;3;
2019-04-19 14:09:02.544660;0,0;12,1933546066;0,0;0,0;4,53403234482;0,0;0,0;8,46587276459;0,0;0,0;3,13224840164;0,0;0,0;22,7072505951;0,0;-2;85;3;
2019-04-19 14:09:03.490713;0,0;12,1794300079;0,0;0,0;4,52394628525;0,0;0,0;8,4454908371;0,0;0,0;3,12677621841;0,0;0,0;22,7105464935;0,0;-2;85;3;
2019-04-19 14:09:04.433109;0,0;12,1271705627;0,0;0,0;4,53693580627;0,0;0,0;8,43304729462;0,0;0,0;3,12423038483;0,0;0,0;22,6867179871;0,0;-2;85;3;
2019-04-19 14:09:05.376708;0,0;12,1603488922;0,0;0,0;4,52766942978;0,0;0,0;8,43870067596;0,0;0,0;3,13007092476;0,0;0,0;22,6614322662;0,0;-2;85;3;
2019-04-19 14:09:06.320325;0,0;12,1749238968;0,0;0,0;4,52203655243;0,0;0,0;8,40976905823;0,0;0,0;3,1188313961;0,0;0,0;22,6520957947;0,0;-2;85;3;
2019-04-19 14:09:07.262709;0,0;12,1845493317;0,0;0,0;4,52236270905;0,0;0,0;8,4392080307;0,0;0,0;3,12732625008;0,0;0,0;22,6448783875;0,0;-2;85;3;
2019-04-19 14:09:08.205121;0,0;12,2180166245;0,0;0,0;4,51645994186;0,0;0,0;8,4181060791;0,0;0,0;3,11895847321;0,0;0,0;22,6429729462;0,0;-2;85;3;
2019-04-19 14:09:09.151187;0,0;12,1413097382;0,0;0,0;4,52545118332;0,0;0,0;8,4282169342;0,0;0,0;3,11901283264;0,0;0,0;22,6384563446;0,0;-2;85;3;
2019-04-19 14:09:10.094954;0,0;12,258813858;0,0;0,0;4,51629018784;0,0;0,0;8,43909358978;0,0;0,0;3,1242556572;0,0;0,0;22,657957077;0,0;-2;85;3;
2019-04-19 14:09:11.045937;0,0;12,442232132;0,0;0,0;4,56901502609;0,0;0,0;8,46080112457;0,0;0,0;3,11947846413;0,0;0,0;22,7397098541;0,0;-2;85;3;
2019-04-19 14:09:11.985826;0,0;12,2407627106;0,148094892502;0,0;4,53850793839;0,0;0,0;8,42949962616;0,0;0,0;3,12762737274;0,0;0,0;22,7495746613;0,0;-2;85;3;
2019-04-19 14:09:12.928169;0,0;12,0802259445;0,0;0,0;4,51385259628;0,0;0,0;8,40211582184;0,0;0,0;3,11726951599;0,0;0,0;22,7254619598;0,0;-2;85;3;
2019-04-19 14:09:13.871786;0,0;12,0697784424;0,0;0,0;4,53100347519;0,0;0,0;8,42836761475;0,0;0,0;3,12451577187;0,0;0,0;22,714132309;0,0;-2;85;3;
2019-04-19 14:09:14.815454;0,0;12,6182851791;0,184685349464;0,0;4,55877876282;0,0;0,0;8,44397354126;0,0;0,0;3,12119531631;0,0;0,0;22,8020401001;0,300009727478;-2;85;3;
2019-04-19 14:09:15.759044;0,0;12,4570293427;0,31566619873;0,0;4,53582429886;0,0;0,0;8,42181873322;0,0;0,0;3,11693930626;0,0;0,0;22,7902469635;0,0;-2;85;3;
2019-04-19 14:09:16.701406;0,0;12,5197238922;0,0;0,0;4,56304121017;0,0;0,0;8,45307826996;0,0;0,0;3,12628650665;0,0;0,0;22,7911186218;0,0;-2;85;3;
2019-04-19 14:09:17.643780;0,0;12,2602262497;0,0;0,0;4,53116941452;0,0;0,0;8,42608070374;0,0;0,0;3,12042093277;0,0;0,0;22,8130302429;0,0;-2;85;3;
2019-04-19 14:09:18.589893;0,0;12,1003856659;0,0;0,0;4,50581693649;0,0;0,0;8,41706943512;0,0;0,0;3,12091040611;0,0;0,0;22,817899704;0,0;-2;85;3;
2019-04-19 14:09:19.534821;0,0;12,145658493;0,0;0,0;4,53438901901;0,0;0,0;8,43959522247;0,0;0,0;3,13243293762;0,0;0,0;22,7545967102;0,0;-2;85;3;
2019-04-19 14:09:20.478397;0,0;12,1740665436;0,0;0,0;4,53327274323;0,0;0,0;8,43844985962;0,0;0,0;3,13024187088;0,0;0,0;22,7114257812;0,0;-2;85;3;
2019-04-19 14:09:21.420772;0,0;12,1580944061;0,0;0,0;4,51607227325;0,0;0,0;8,40755367279;0,0;0,0;3,11671233177;0,0;0,0;22,666103363;0,0;-2;85;3;
2019-04-19 14:09:22.361875;0,0;12,2664051056;0,101341366768;0,0;4,52019405365;0,0;0,0;8,44290065765;0,0;0,0;3,12529969215;0,0;0,0;22,6804237366;0,0;-2;85;3;
2019-04-19 14:09:23.305558;0,0;12,2600412369;0,0;0,0;4,5224814415;0,0;0,0;8,42042350769;0,0;0,0;3,11641359329;0,0;0,0;22,7130012512;0,0;-2;85;3;
2019-04-19 14:09:24.249120;0,0;12,14179039;0,0;0,0;4,52489852905;0,0;0,0;8,44186306;0,0;0,0;3,12611627579;0,0;0,0;22,7393856049;0,0;-2;85;3;
2019-04-19 14:09:25.192751;0,0;12,4945001602;0,0;0,0;4,54683113098;0,0;0,0;8,44243049622;0,0;0,0;3,12676358223;0,0;0,0;22,7801589966;0,0;-2;85;3;
2019-04-19 14:09:26.137606;0,0;12,1544055939;0,0;0,0;4,49922704697;0,0;0,0;8,41153144836;0,0;0,0;3,12046980858;0,0;0,0;22,786190033;0,0;-2;85;3;
2019-04-19 14:09:27.081240;0,0;12,220240593;0,0;0,0;4,51107311249;0,0;0,0;8,41975212097;0,0;0,0;3,12553167343;0,0;0,0;22,7635955811;0,0;-2;85;3;
2019-04-19 14:09:28.032369;0,0;12,1380634308;0,0;0,0;4,53732252121;0,0;0,0;8,42824554443;0,0;0,0;3,12552547455;0,0;0,0;22,7183856964;0,0;-2;85;3;
2019-04-19 14:09:28.976159;0,0;12,1918325424;0,0;0,0;4,53088569641;0,0;0,0;8,4256811142;0,0;0,0;3,12208461761;0,0;0,0;22,7180614471;0,0;-2;85;3;
2019-04-19 14:09:29.919608;0,0;12,5503396988;0,0102427005768;0,0;4,54452848434;0,0;0,0;8,44299221039;0,0;0,0;3,12300133705;0,0;0,0;22,7485752106;0,0;-2;85;3;
2019-04-19 14:09:30.861967;0,0;12,5522861481;0,154289364815;0,0;4,56342458725;0,0;0,0;8,44924163818;0,0;0,0;3,12452411652;0,0;0,0;22,8382778168;0,0;-2;85;3;
2019-04-19 14:09:31.805601;0,0;12,4480314255;0,14570581913;0,0;4,52998209;0,0;0,0;8,43194293976;0,0;0,0;3,12174606323;0,0;0,0;22,8616981506;0,0;-2;85;3;
2019-04-19 14:09:32.749234;0,0;12,2040262222;0,0;0,0;4,52956438065;0,0;0,0;8,44012546539;0,0;0,0;3,13066864014;0,0;0,0;22,8785667419;0,0;-2;85;3;
2019-04-19 14:09:33.691575;0,0;12,155787468;0,0;0,0;4,52181053162;0,0;0,0;8,41513347626;0,0;0,0;3,12296700478;0,0;0,0;22,8646965027;0,0;-2;85;3;
2019-04-19 14:09:34.633945;0,0;12,1930942535;0,0;0,0;4,53112983704;0,0;0,0;8,42148113251;0,0;0,0;3,12355661392;0,0;0,0;22,8042182922;0,0;-2;85;3;
2019-04-19 14:09:35.580070;0,0;12,2260456085;0,0;0,0;4,53564214706;0,0;0,0;8,42432689667;0,0;0,0;3,12279939651;0,0;0,0;22,7338275909;0,0;-2;85;3;
2019-04-19 14:09:36.522441;0,0;12,2661142349;0,0;0,0;4,52033567429;0,0;0,0;8,42883777618;0,0;0,0;3,12053823471;0,0;0,0;22,6912956238;0,0;-2;85;3;
2019-04-19 14:09:37.467322;0,0;12,1840276718;0,0;0,0;4,51929855347;0,0;0,0;8,44048881531;0,0;0,0;3,12588191032;0,0;0,0;22,693561554;0,0;-2;85;3;
2019-04-19 14:09:38.409693;0,0;12,1701202393;0,0;0,0;4,53028202057;0,0;0,0;8,42873954773;0,0;0,0;3,12233996391;0,0;0,0;22,6816082001;0,0;-2;85;3;
2019-04-19 14:09:39.353303;0,0;12,3973484039;0,0;0,0;4,53580236435;0,0;0,0;8,44150066376;0,0;0,0;3,12840175629;0,0;0,0;22,7860069275;0,0;-2;85;3;
2019-04-19 14:09:40.298173;0,0;12,7094087601;0,564991950989;0,0;4,5836019516;0,0;0,0;8,43537330627;0,00359463691711;0,0;3,12813878059;0,0;0,0;22,837688446;0,0;-2;85;3;
2019-04-19 14:09:41.240540;0,0;12,2479095459;0,0;0,0;4,53389310837;0,0;0,0;8,41512489319;0,0;0,0;3,12413454056;0,0;0,0;22,8189506531;0,0;-2;85;3;
2019-04-19 14:09:42.184159;0,0;12,1566028595;0,0;0,0;4,51611852646;0,0;0,0;8,40971565247;0,0;0,0;3,11729574203;0,0;0,0;22,8089637756;0,0;-2;85;3;
2019-04-19 14:09:43.127782;0,0;12,2010345459;0,0;0,0;4,51716947556;0,0;0,0;8,4337272644;0,0;0,0;3,12423110008;0,0;0,0;22,8166217804;0,0;-2;85;3;
2019-04-19 14:09:44.071412;0,0;12,1913919449;0,0;0,0;4,50409317017;0,0;0,0;8,41554832458;0,0;0,0;3,11569786072;0,0;0,0;22,8015499115;0,0;-2;85;3;
2019-04-19 14:09:45.021277;0,0;12,2121429443;0,0;0,0;4,51009082794;0,0;0,0;8,42655277252;0,0;0,0;3,1209795475;0,0;0,0;22,6781234741;0,0;-2;85;3;
2019-04-19 14:09:45.964941;0,0;12,2124195099;0,0;0,0;4,52313756943;0,0;0,0;8,43017482758;0,0;0,0;3,1236371994;0,0;0,0;22,6678409576;0,0;-2;85;3;
2019-04-19 14:09:46.908514;0,0;12,2488765717;0,0;0,0;4,53048276901;0,0;0,0;8,43632411957;0,0;0,0;3,12565207481;0,0;0,0;22,6703300476;0,0;-2;85;3;
2019-04-19 14:09:47.852125;0,0;12,406452179;0,0426948070526;0,0;4,55175733566;0,0;0,0;8,42826366425;0,0;0,0;3,1268620491;0,0;0,0;22,7174568176;0,0;-2;85;3;
2019-04-19 14:09:48.794561;0,0;12,183924675;0,0;0,0;4,5321688652;0,0;0,0;8,42758274078;0,0;0,0;3,12575769424;0,0;0,0;22,7264881134;0,0;-2;85;3;
2019-04-19 14:09:49.735768;0,0;12,2003145218;0,0;0,0;4,53649234772;0,0;0,0;8,42600917816;0,0;0,0;3,12161397934;0,0;0,0;22,7230091095;0,0;-2;85;3;
2019-04-19 14:09:50.680493;0,0;12,2172908783;0,0;0,0;4,52772474289;0,0;0,0;8,43334197998;0,0;0,0;3,122371912;0,0;0,0;22,7210254669;0,0;-2;85;3;
2019-04-19 14:09:51.625429;0,0;12,2824497223;0,0;0,0;4,53932714462;0,0;0,0;8,43166446686;0,0;0,0;3,12255167961;0,0;0,0;22,7215328217;0,0;-2;85;3;
2019-04-19 14:09:52.568994;0,0;12,4601802826;0,239131331444;0,0;4,54767990112;0,0;0,0;8,44668102264;0,0;0,0;3,128916502;0,0;0,0;22,7419052124;0,0;-2;85;3;
2019-04-19 14:09:53.512615;0,0;12,2186174393;0,0;0,0;4,52259016037;0,0;0,0;8,41364765167;0,0;0,0;3,12195158005;0,0;0,0;22,7403125763;0,0;-2;85;3;
2019-04-19 14:09:54.456236;0,0;12,1928901672;0,0;0,0;4,50831031799;0,0;0,0;8,41637992859;0,0;0,0;3,12442445755;0,0;0,0;22,7378501892;0,0;-2;85;3;
2019-04-19 14:09:55.399882;0,0;12,1893892288;0,0;0,0;4,52445840836;0,0;0,0;8,41582775116;0,0;0,0;3,12146902084;0,0;0,0;22,7448234558;0,0;-2;85;3;
2019-04-19 14:09:56.343481;0,0;12,1589775085;0,0;0,0;4,51176977158;0,0;0,0;8,41922092438;0,0;0,0;3,12133717537;0,0;0,0;22,7454204559;0,0;-2;85;3;
2019-04-19 14:09:57.287113;0,0;12,2143344879;0,0;0,0;4,52416610718;0,0;0,0;8,44675350189;0,0;0,0;3,12897205353;0,0;0,0;22,7027072906;0,0;-2;85;3;
2019-04-19 14:09:58.229464;0,0;12,1984386444;0,0;0,0;4,50812387466;0,0;0,0;8,42293357849;0,0;0,0;3,11796283722;0,0;0,0;22,6803398132;0,0;-2;85;3;
2019-04-19 14:09:59.170576;0,0;12,1936979294;0,0;0,0;4,52868270874;0,0;0,0;8,43148136139;0,0;0,0;3,12558078766;0,0;0,0;22,6894607544;0,0;-2;85;3;
2019-04-19 14:10:00.114279;0,0;12,2947320938;0,0;0,0;4,53288936615;0,0;0,0;8,4388961792;0,0;0,0;3,13022089005;0,0;0,0;22,7095832825;0,0;-2;85;3;
2019-04-19 14:10:01.056606;0,0;12,2801856995;0,0;0,0;4,53019142151;0,0;0,0;8,42321968079;0,0;0,0;3,12599468231;0,0;0,0;22,7366638184;0,0;-2;85;3;
2019-04-19 14:10:02.025726;0,0;12,2429494858;0,0;0,0;4,52953672409;0,0;0,0;8,41802120209;0,0;0,0;3,12381839752;0,0;0,0;22,7460174561;0,0;-2;85;3;
2019-04-19 14:10:02.982802;0,0;12,154042244;0,0;0,0;4,51337432861;0,0;0,0;8,42655849457;0,0;0,0;3,12318229675;0,0;0,0;22,752450943;0,0;-2;85;3;
2019-04-19 14:10:03.927544;0,0;12,1700839996;0,0;0,0;4,51307725906;0,0;0,0;8,42650127411;0,0;0,0;3,11936092377;0,0;0,0;22,7333259583;0,0;-2;85;3;
2019-04-19 14:10:04.887505;0,0;12,1590833664;0,0;0,0;4,52884101868;0,0;0,0;8,43044567108;0,0;0,0;3,12236094475;0,0;0,0;22,6921844482;0,0;-2;85;3;
2019-04-19 14:10:05.834908;0,0;12,198340416;0,0;0,0;4,53356027603;0,0;0,0;8,43462085724;0,0;0,0;3,12479019165;0,0;0,0;22,6757316589;0,0;-2;85;3;
2019-04-19 14:10:06.798785;0,0;12,1681070328;0,0;0,0;4,51960897446;0,0;0,0;8,42206954956;0,0;0,0;3,1239631176;0,0;0,0;22,6497077942;0,0;-2;85;3;
2019-04-19 14:10:07.772558;0,0;12,169459343;0,0;0,0;4,53078508377;0,0;0,0;8,43947029114;0,0;0,0;3,13212418556;0,0;0,0;22,653175354;0,0;-2;85;3;
2019-04-19 14:10:08.742630;0,0;12,1154680252;0,0;0,0;4,51751232147;0,0;0,0;8,39549541473;0,0;0,0;3,1137316227;0,0;0,0;22,6383094788;0,0;-2;85;3;
2019-04-19 14:10:09.682974;0,0;12,2063617706;0,0;0,0;4,52601528168;0,0;0,0;8,4278717041;0,0;0,0;3,12348222733;0,0;0,0;22,6599063873;0,0;-2;85;3;
2019-04-19 14:10:10.622844;0,0;12,2339935303;0,0;0,0;4,5302028656;0,0;0,0;8,4456319809;0,0;0,0;3,11936330795;0,0;0,0;22,6407814026;0,0;-2;85;3;
2019-04-19 14:10:11.563958;0,0;12,2229442596;0,0;0,0;4,53404664993;0,0;0,0;8,44592666626;0,0;0,0;3,12775468826;0,0;0,0;22,6526603699;0,0;-2;85;3;
2019-04-19 14:10:12.505139;0,0;12,2448720932;0,0;0,0;4,50786161423;0,0;0,0;8,42404174805;0,0;0,0;3,12298679352;0,0;0,0;22,6674175262;0,0;-2;85;3;
2019-04-19 14:10:13.445009;0,0;12,2338733673;0,0;0,0;4,51799345016;0,0;0,0;8,42288303375;0,0;0,0;3,12630224228;0,0;0,0;22,7073173523;0,0;-2;85;3;
2019-04-19 14:10:14.386070;0,0;12,1432476044;0,0;0,0;4,5160651207;0,0;0,0;8,40764331818;0,0;0,0;3,12140989304;0,0;0,0;22,7004985809;0,0;-2;85;3;
2019-04-19 14:10:15.327204;0,0;12,1492948532;0,0;0,0;4,52349424362;0,0;0,0;8,41831970215;0,0;0,0;3,12295556068;0,0;0,0;22,6860656738;0,0;-2;85;3;
2019-04-19 14:10:16.267063;0,0;12,1842508316;0,0;0,0;4,51917934418;0,0;0,0;8,4371137619;0,0;0,0;3,12679362297;0,0;0,0;22,6892051697;0,0;-2;85;3;
2019-04-19 14:10:17.206934;0,0;12,1887378693;0,0;0,0;4,52350330353;0,0;0,0;8,43270778656;0,0;0,0;3,12129426003;0,0;0,0;22,681974411;0,0;-2;85;3;
2019-04-19 14:10:18.148047;0,0;12,1351985931;0,0;0,0;4,5252866745;0,0;0,0;8,43235492706;0,0;0,0;3,12360286713;0,0;0,0;22,6573619843;0,0;-2;85;3;
2019-04-19 14:10:19.087902;0,0;12,5378103256;0,0;0,0;4,57002019882;0,0;0,0;8,44610023499;0,0;0,0;3,1253592968;0,0;0,0;22,8179607391;0,0;-2;85;3;
2019-04-19 14:10:20.027772;0,0632563829422;12,8642158508;0,660689949989;0,0;4,59869098663;0,0;0,0;8,4484167099;0,0313872098923;0,0;3,12767553329;0,0;0,0;22,8920650482;0,0;-2;85;3;
2019-04-19 14:10:20.967635;0,0;12,534327507;0,171696066856;0,0;4,56254720688;0,0;0,0;8,44198322296;0,0;0,0;3,12945866585;0,0;0,0;22,9635295868;0,0;-2;85;3;
2019-04-19 14:10:21.906264;0,0;12,1675729752;0,0;0,0;4,50898313522;0,0;0,0;8,41371440887;0,0;0,0;3,11983728409;0,0;0,0;22,9558677673;0,0;-2;85;3;
2019-04-19 14:10:22.844931;0,0;12,1109819412;0,0;0,0;4,51008987427;0,0;0,0;8,41411304474;0,0;0,0;3,11795854568;0,0;0,0;22,9371795654;0,0;-2;85;3;
2019-04-19 14:10:23.784862;0,0;12,1546764374;0,0;0,0;4,51405096054;0,0;0,0;8,43748474121;0,0;0,0;3,12543272972;0,0;0,0;22,8737697601;0,0;-2;85;3;
2019-04-19 14:10:24.725875;0,0;12,444190979;0,0;0,0;4,55086088181;0,0;0,0;8,43138408661;0,0;0,0;3,12257647514;0,0;0,0;22,7294216156;0,0;-2;85;3;
2019-04-19 14:10:25.665746;0,0;12,631937027;0,00687181949615;0,0;4,5663485527;0,0;0,0;8,44554805756;0,0;0,0;3,12780833244;0,0;0,0;22,708574295;0,0;-2;85;3;
2019-04-19 14:10:26.605616;0,0;12,6440982819;0,503039717674;0,0;4,57411575317;0,0;0,0;8,43428611755;0,0;0,0;3,12755918503;0,0;0,0;22,7830963135;0,0;-2;85;3;
2019-04-19 14:10:27.545531;0,0;12,5429096222;0,0;0,0;4,5470662117;0,0;0,0;8,43452453613;0,0;0,0;3,12737059593;0,0;0,0;22,8396949768;0,0;-2;85;3;
2019-04-19 14:10:28.486603;0,0;12,1883735657;0,0;0,0;4,52276802063;0,0;0,0;8,40996837616;0,0;0,0;3,1213991642;0,0;0,0;22,8496284485;0,0;-2;85;3;
2019-04-19 14:10:29.426488;0,0;12,6927566528;0,95324409008;0,0;4,5794506073;0,0;0,0;8,44542789459;0,561789751053;0,0;3,12499570847;0,0;0,0;23,1007442474;3,83732795715;-2;85;3;
2019-04-19 14:10:30.368842;0,0;12,552072525;0,11887049675;0,0;4,53366851807;0,0;0,0;8,44388484955;0,0;0,0;3,12367081642;0,0;0,0;23,2139949799;4,47727394104;-2;85;3;
2019-04-19 14:10:31.308715;0,0;12,1856060028;0,0;0,0;4,51499891281;0,0;0,0;8,430103302;0,0;0,0;3,12169623375;0,0;0,0;23,1376018524;3,09399223328;-2;85;3;
2019-04-19 14:10:32.248587;0,0;12,1582736969;0,0;0,0;4,52566862106;0,0;0,0;8,42342662811;0,0;0,0;3,11989831924;0,0;0,0;23,1182746887;3,08576393127;-2;85;3;
2019-04-19 14:10:33.188473;0,0;12,1662044525;0,0;0,0;4,51811933517;0,0;0,0;8,4368686676;0,0;0,0;3,12955141068;0,0;0,0;23,0928688049;2,72156715393;-2;85;3;
2019-04-19 14:10:34.127075;0,0;12,1698551178;0,0;0,0;4,52449178696;0,0;0,0;8,42351913452;0,0;0,0;3,12686872482;0,0;0,0;22,8962631226;0,0;-2;85;3;
2019-04-19 14:10:35.065695;0,0;12,1922454834;0,0;0,0;4,53375911713;0,0;0,0;8,41404438019;0,0;0,0;3,12193012238;0,0;0,0;22,6510601044;0,0;-2;85;3;
2019-04-19 14:10:36.005571;0,0;12,1872262955;0,0;0,0;4,5111451149;0,0;0,0;8,42043685913;0,0;0,0;3,12266087532;0,0;0,0;22,6495113373;0,0;-2;85;3;
2019-04-19 14:10:36.944238;0,0;12,1761283875;0,0;0,0;4,52838134766;0,0;0,0;8,43205547333;0,0;0,0;3,12318849564;0,0;0,0;22,6533851624;0,0;-2;85;3;
2019-04-19 14:10:37.885411;0,0;12,1777553558;0,0;0,0;4,52024888992;0,0;0,0;8,41955089569;0,0;0,0;3,11786937714;0,0;0,0;22,6457080841;0,0;-2;85;3;
2019-04-19 14:10:38.825250;0,0;12,1993789673;0,0;0,0;4,53057146072;0,0;0,0;8,43493747711;0,0;0,0;3,12241649628;0,0;0,0;22,6296443939;0,0;-2;85;3;
2019-04-19 14:10:39.766295;0,0;12,2410411835;0,0;0,0;4,52771568298;0,0;0,0;8,42220878601;0,0;0,0;3,1229698658;0,0;0,0;22,6484470367;0,0;-2;85;3;
2019-04-19 14:10:40.707416;0,0;12,2453241348;0,0;0,0;4,54507637024;0,0;0,0;8,43716430664;0,0;0,0;3,13057684898;0,0;0,0;22,6522026062;0,0;-2;85;3;
2019-04-19 14:10:41.648538;0,0;12,6002483368;0,108631372452;0,0;4,5538225174;0,0;0,0;8,43775463104;0,0;0,0;3,12759447098;0,0;0,0;22,7521476746;0,0;-2;85;3;
2019-04-19 14:10:42.589655;0,0;12,24168396;0,0;0,0;4,52328872681;0,0;0,0;8,39594554901;0,0;0,0;3,11432433128;0,0;0,0;22,7586154938;0,0;-2;85;3;
2019-04-19 14:10:43.534568;0,0;12,2400608063;0,0;0,0;4,5527882576;0,0;0,0;8,44286632538;0,0;0,0;3,12883329391;0,0;0,0;22,7663726807;0,0;-2;85;3;
2019-04-19 14:10:44.476888;0,0;12,2135105133;0,0;0,0;4,52586221695;0,0;0,0;8,42718410492;0,0;0,0;3,11960148811;0,0;0,0;22,7654953003;0,0;-2;85;3;
2019-04-19 14:10:45.419273;0,0;12,234380722;0,0;0,0;4,5328745842;0,0;0,0;8,44282054901;0,0;0,0;3,12617731094;0,0;0,0;22,7697811127;0,0;-2;85;3;
2019-04-19 14:10:46.361637;0,0;12,17233181;0,0;0,0;4,51959180832;0,0;0,0;8,4304189682;0,0;0,0;3,12428712845;0,0;0,0;22,6918888092;0,0;-2;85;3;
2019-04-19 14:10:47.302762;0,0;12,1136083603;0,0;0,0;4,5134267807;0,0;0,0;8,42092609406;0,0;0,0;3,12458848953;0,0;0,0;22,664981842;0,0;-2;85;3;
2019-04-19 14:10:48.246367;0,0;12,1206378937;0,0;0,0;4,52249526978;0,0;0,0;8,41789150238;0,0;0,0;3,12338685989;0,0;0,0;22,6386165619;0,0;-2;85;3;
2019-04-19 14:10:49.188762;0,0;12,1097660065;0,0;0,0;4,53405046463;0,0;0,0;8,42703533173;0,0;0,0;3,12408661842;0,0;0,0;22,6334209442;0,0;-2;85;3;
2019-04-19 14:10:50.131122;0,0;12,0774145126;0,0;0,0;4,5187792778;0,0;0,0;8,41049766541;0,0;0,0;3,11542224884;0,0;0,0;22,5972251892;0,0;-2;85;3;
2019-04-19 14:10:51.074789;0,0;12,4376516342;0,0;0,0;4,55806779861;0,0;0,0;8,44536113739;0,0;0,0;3,12572169304;0,0;0,0;22,6266040802;0,0;-2;85;3;
2019-04-19 14:10:52.024669;0,0;12,1565561295;0,0;0,0;4,52410268784;0,0;0,0;8,43866825104;0,0;0,0;3,12497234344;0,0;0,0;22,6276817322;0,0;-2;85;3;
2019-04-19 14:10:52.966974;0,0;12,1273097992;0,0;0,0;4,514336586;0,0;0,0;8,41960048676;0,0;0,0;3,12108445168;0,0;0,0;22,6215686798;0,0;-2;85;3;
2019-04-19 14:10:53.906844;0,0;12,2056064606;0,0;0,0;4,52393531799;0,0;0,0;8,42425823212;0,0;0,0;3,12575697899;0,0;0,0;22,6458797455;0,0;-2;85;3;
2019-04-19 14:10:54.849223;0,0;12,3177156448;0,307313919067;0,0;4,53145742416;0,0;0,0;8,42482471466;0,0;0,0;3,12671017647;0,0;0,0;22,6745948792;0,0;-2;85;3;
2019-04-19 14:10:55.794093;0,0;12,2946281433;0,0;0,0;4,53463602066;0,0;0,0;8,4298658371;0,0;0,0;3,12547063828;0,0;0,0;22,6870040894;0,0;-2;85;3;
2019-04-19 14:10:56.736474;0,0;12,1468114853;0,0;0,0;4,51190280914;0,0;0,0;8,42407512665;0,0;0,0;3,12085390091;0,0;0,0;22,6739673615;0,0;-2;85;3;
2019-04-19 14:10:57.676330;0,0;12,3712749481;0,0;0,0;4,55093240738;0,0;0,0;8,45206737518;0,0;0,0;3,12825465202;0,0;0,0;22,7665214539;0,0;-2;85;3;
2019-04-19 14:10:58.618701;0,094709277153;12,6744279861;0,790703892708;0,0177175402641;4,56195783615;0,0;0,0;8,43799591064;0,138339400291;0,0;3,11736011505;0,0;0,0;22,935956955;1,46356296539;-2;85;3;
2019-04-19 14:10:59.561082;0,062415599823;12,8868274689;0,881323695183;0,0;4,58744764328;0,0;0,0;8,44691371918;0,191247820854;0,0;3,1215004921;0,0;0,0;23,0895061493;2,14809703827;-2;85;3;
2019-04-19 14:11:00.505947;0,0;12,2072734833;0,0;0,0;4,51629400253;0,0;0,0;8,42461299896;0,0;0,0;3,12355422974;0,0;0,0;23,0766143799;1,73517417908;-2;85;3;
2019-04-19 14:11:01.449564;0,0;12,3107366562;0,0;0,0;4,52116107941;0,0;0,0;8,41850566864;0,0;0,0;3,12353444099;0,0;0,0;23,0960922241;1,83831214905;-2;85;3;
2019-04-19 14:11:02.391936;0,0;12,3739557266;0,0;0,0;4,52321958542;0,0;0,0;8,43651676178;0,0;0,0;3,12860989571;0,0;0,0;23,0811004639;1,65975761414;-2;85;3;
2019-04-19 14:11:03.334349;0,0;12,2274360657;0,0;0,0;4,53271961212;0,0;0,0;8,4300365448;0,0;0,0;3,12435793877;0,0;0,0;22,9420890808;0,0;-2;85;3;
2019-04-19 14:11:04.275465;0,0656601190567;13,0065832138;0,884319424629;0,0;4,59787273407;0,0;0,0;8,44780731201;0,104645967484;0,0;3,11921072006;0,0;0,0;22,9232063293;0,0;-2;85;3;
2019-04-19 14:11:05.217807;0,0;12,2151422501;0,0;0,0;4,5025305748;0,0;0,0;8,41802597046;0,0;0,0;3,11686420441;0,0;0,0;22,8720626831;0,0;-2;85;3;
2019-04-19 14:11:06.160171;0,0;12,2059001923;0,0;0,0;4,51370191574;0,0;0,0;8,42942333221;0,0;0,0;3,1225361824;0,0;0,0;22,8794746399;0,0;-2;85;3;
2019-04-19 14:11:07.105089;0,0;12,1789484024;0,0;0,0;4,52508878708;0,0;0,0;8,43321228027;0,0;0,0;3,12599301338;0,0;0,0;22,8551998138;0,0;-2;85;3;
2019-04-19 14:11:08.047413;0,0;12,1816234589;0,0;0,0;4,51283216476;0,0;0,0;8,4260892868;0,0;0,0;3,12684488297;0,0;0,0;22,8321228027;0,0;-2;85;3;
2019-04-19 14:11:09.004826;0,0;12,3825349808;0,0;0,0;4,55055189133;0,0;0,0;8,42834281921;0,0;0,0;3,12485957146;0,0;0,0;22,7142753601;0,0;-2;85;3;
2019-04-19 14:11:09.947147;0,0;12,4893217087;0,0;0,0;4,55211353302;0,0;0,0;8,42649364471;0,0;0,0;3,1223783493;0,0;0,0;22,7266559601;0,0;-2;85;3;
2019-04-19 14:11:10.888268;0,0;12,7735786438;0,325133681297;0,0;4,5587387085;0,0;0,0;8,42873382568;0,0;0,0;3,11563181877;0,0;0,0;22,8207683563;0,0;-2;85;3;
2019-04-19 14:11:11.830638;0,0;12,7271842957;0,153594017029;0,0285076498985;4,59675836563;0,0;0,0;8,46124172211;0,0;0,0;3,12726306915;0,0;0,0;22,9251384735;0,0;-2;85;3;
2019-04-19 14:11:12.770509;0,0610377788544;12,8412437439;0,0288776159286;0,0;4,57478475571;0,0;0,0;8,43389892578;0,0;0,0;3,11498260498;0,0;0,0;23,1072177887;0,0;-2;85;3;
2019-04-19 14:11:13.711633;0,0;12,5703868866;0,0894645452499;0,0;4,55901384354;0,0;0,0;8,45875835419;0,0;0,0;3,132594347;0,0;0,0;23,182056427;0,0;-2;85;3;
2019-04-19 14:11:14.653996;0,0;12,1180057526;0,0;0,0;4,52389717102;0,0;0,0;8,41626644135;0,0;0,0;3,12221384048;0,0;0,0;23,1243152618;0,0;-2;85;3;
2019-04-19 14:11:15.596375;0,0;12,114033699;0,0;0,0;4,5219335556;0,0;0,0;8,41716766357;0,0;0,0;3,12227463722;0,0;0,0;23,0363121033;0,0;-2;85;3;
2019-04-19 14:11:16.537499;0,0;12,2282047272;0,0;0,0;4,51601314545;0,0;0,0;8,40953445435;0,0;0,0;3,1184258461;0,0;0,0;22,957857132;0,0;-2;85;3;
2019-04-19 14:11:17.478612;0,0;12,2558116913;0,0;0,0;4,51706218719;0,0;0,0;8,41077613831;0,0;0,0;3,11439919472;0,0;0,0;22,8252506256;0,0;-2;85;3;
2019-04-19 14:11:18.422225;0,0;12,2843990326;0,0;0,0;4,53247880936;0,0;0,0;8,45073604584;0,0;0,0;3,12743091583;0,0;0,0;22,6774044037;0,0;-2;85;3;
2019-04-19 14:11:19.365861;0,0;12,1392412186;0,0;0,0;4,50721073151;0,0;0,0;8,43907356262;0,0;0,0;3,12311863899;0,0;0,0;22,660358429;0,0;-2;85;3;
2019-04-19 14:11:20.309472;0,0;12,1490821838;0,0;0,0;4,52028560638;0,0;0,0;8,43740844727;0,0;0,0;3,12371015549;0,0;0,0;22,6649055481;0,0;-2;85;3;
2019-04-19 14:11:21.251841;0,0;12,2034311295;0,0;0,0;4,53471899033;0,0;0,0;8,45010757446;0,0;0,0;3,13134002686;0,0;0,0;22,6775989532;0,0;-2;85;3;
2019-04-19 14:11:22.195516;0,0;12,0783624649;0,0;0,0;4,50465202332;0,0;0,0;8,40655231476;0,0;0,0;3,11841106415;0,0;0,0;22,6402778625;0,0;-2;85;3;
2019-04-19 14:11:23.137831;0,0;12,1472787857;0,0;0,0;4,51611852646;0,0;0,0;8,41338253021;0,0;0,0;3,11873984337;0,0;0,0;22,6108570099;0,0;-2;85;3;
2019-04-19 14:11:24.080206;0,0;12,3173799515;0,0;0,0;4,53102827072;0,0;0,0;8,44261837006;0,0;0,0;3,12195396423;0,0;0,0;22,673538208;0,0;-2;85;3;
2019-04-19 14:11:25.022575;0,0;12,5221776962;0,0341964960098;0,0;4,53191328049;0,0;0,0;8,42118835449;0,0;0,0;3,11523294449;0,0;0,0;22,6988868713;0,0;-2;85;3;
2019-04-19 14:11:25.973701;0,0;12,7512731552;0,560712337494;0,0;4,56553125381;0,0;0,0;8,45687770844;0,0951137542725;0,0;3,12106060982;0,0;0,0;22,9505558014;0,0;-2;85;3;
2019-04-19 14:11:26.916066;0,0;12,455862999;0,391462445259;0,0;4,54062414169;0,0;0,0;8,43870067596;0,0;0,0;3,12305903435;0,0;0,0;23,0761432648;0,751074790955;-2;85;3;
2019-04-19 14:11:27.860940;0,0;12,7427825928;0,366079926491;0,0;4,56156778336;0,0;0,0;8,45861721039;0,0398215055466;0,0;3,12778520584;0,0;0,0;23,3305072784;2,57768726349;-2;85;3;
2019-04-19 14:11:28.800814;0,0;12,5596466064;0,367262601852;0,0;4,53478431702;0,0;0,0;8,42918491364;0,0;0,0;3,12186002731;0,0;0,0;23,3550205231;3,61139297485;-2;85;3;
2019-04-19 14:11:29.743190;0,547681927681;13,4405508041;1,65955305099;0,00698018074036;4,63400030136;0,00610989332199;0,0126935243607;8,55686664581;1,5728417635;0,0;3,1320207119;0,0;0,0;24,6570243835;11,5915880203;-2;85;3;
2019-04-19 14:11:30.686802;0,907763838768;14,5448656082;3,24400615692;0,0;4,8019900322;0,262440919876;0,187066078186;8,74221992493;1,93724620342;0,0;3,12881612778;0,0;1,06695842743;26,8538322449;16,082452774;-2;85;3;
2019-04-19 14:11:31.629166;1,15439665318;13,8731403351;3,98441171646;0,0;4,66961574554;0,147203505039;0,41552233696;8,62496852875;2,64206385612;0,0;3,11404371262;0,0;5,23731708527;29,3212871552;24,411655426;-2;85;3;
2019-04-19 14:11:32.571540;0,269311904907;12,9843883514;2,16524648666;0,0;4,64579486847;0,0;0,0;8,49252223969;1,33602321148;0,0;3,11960935593;0,0;6,24884223938;29,7354297638;25,9047584534;-2;85;3;
2019-04-19 14:11:33.515215;1,42023968697;14,384431839;3,88127040863;0,0;4,75678920746;0,185720801353;0,629305005074;8,62383937836;2,64501261711;0,0;3,11618089676;0,0;9,11601066589;31,2353153229;31,2355995178;-2;85;3;
2019-04-19 14:11:34.456274;1,13511145115;13,486284256;1,85666143894;0,0;4,63113164902;0,0;0,237147688866;8,47740459442;1,19683206081;0,0;3,12312340736;0,0;10,2955732346;31,4260025024;31,9450569153;-2;85;3;
2019-04-19 14:11:35.397396;0,44199693203;12,7608985901;1,3112732172;0,0;4,57525587082;0,0;0,0;8,44070243835;0,555606603622;0,0;3,12088918686;0,0;9,90901756287;29,2140674591;29,6492233276;-2;85;3;
2019-04-19 14:11:36.339778;0,0;12,8836860657;0,857411026955;0,0;4,55806684494;0,0;0,0;8,44252681732;0,298967838287;0,0;3,12180924416;0,0;6,98531150818;26,2374744415;23,4750328064;-2;85;3;
2019-04-19 14:11:37.279631;0,0;12,8814983368;0,73247563839;0,0;4,56450986862;0,0;0,0;8,46187019348;0,339753866196;0,0;3,12483668327;0,0;6,44166374207;26,1303062439;22,3822898865;-2;85;3;
2019-04-19 14:11:38.220758;0,0;12,4808731079;0,212131619453;0,0;4,51771736145;0,0;0,0;8,41579151154;0,0;0,0;3,11254835129;0,0;3,76481819153;24,2279434204;16,4553661346;-2;85;3;
2019-04-19 14:11:39.163129;0,0;12,3707780838;0,0;0,0;4,54743003845;0,0;0,0;8,45594596863;0,0;0,0;3,12536501884;0,0;0,0;23,3416614532;8,34369468689;-2;85;3;
2019-04-19 14:11:40.104314;0,0;12,1251621246;0,0;0,0;4,49533462524;0,0;0,0;8,41600418091;0,0;0,0;3,11532616615;0,0;0,0;23,1773834229;4,89579200745;-2;85;3;
2019-04-19 14:11:41.045428;0,0;12,2058057785;0,0;0,0;4,53618144989;0,0;0,0;8,43670845032;0,0;0,0;3,12559938431;0,0;0,0;22,9905433655;1,42903995514;-2;85;3;
2019-04-19 14:11:41.988985;0,0;12,2229776382;0,0;0,0;4,53446531296;0,0;0,0;8,44866085052;0,0;0,0;3,13065648079;0,0;0,0;22,7922401428;0,0;-2;85;3;
2019-04-19 14:11:42.931364;0,0;12,1869392395;0,0;0,0;4,53216981888;0,0;0,0;8,43224620819;0,0;0,0;3,12583327293;0,0;0,0;22,6985282898;0,0;-2;85;3;
2019-04-19 14:11:43.872480;0,0;13,5545825958;1,66514313221;0,0;4,65621471405;0,0;0,0;8,49069690704;1,06979191303;0,0;3,10830616951;0,0;0,0;23,6722793579;5,20018196106;-2;85;3;
2019-04-19 14:11:44.814900;0,323669552803;13,7337169647;2,34294390678;0,0;4,66855573654;0,0;0,0;8,52452945709;1,64238369465;0,0;3,12283754349;0,0;0,0;24,6162090302;13,2366037369;-2;85;3;
2019-04-19 14:11:45.757239;0,518120765686;14,1855764389;3,0810508728;0,0;4,71424770355;0,0718641281128;0,0;8,5562877655;1,91103482246;0,0;3,12107229233;0,0;0,0;25,0292129517;17,0139942169;-2;85;3;
2019-04-19 14:11:46.699589;0,131169676781;12,7878437042;1,5742713213;0,0;4,57630395889;0,0;0,0;8,44921779633;0,831235527992;0,0;3,11801409721;0,0;0,264521598816;25,245973587;18,1013679504;-2;85;3;
2019-04-19 14:11:47.641962;0,0123133659363;12,7895755768;1,0216845274;0,0;4,5563325882;0,0;0,0;8,46162414551;0,279389739037;0,0;3,12549757957;0,0;1,39832687378;25,4508228302;18,736246109;-2;85;3;
2019-04-19 14:11:48.583092;0,0;12,3039646149;0,0;0,0;4,53383207321;0,0;0,0;8,42622280121;0,0;0,0;3,1196436882;0,0;1,577085495;24,7457275391;17,9876232147;-2;85;3;
2019-04-19 14:11:49.526707;0,0;12,261631012;0,0;0,0;4,5213842392;0,0;0,0;8,42182922363;0,0;0,0;3,11933922768;0,0;0,289524078369;23,9350528717;15,430147171;-2;85;3;
2019-04-19 14:11:50.467833;0,0;12,4119606018;0,0;0,0;4,52926778793;0,0;0,0;8,43204116821;0,0;0,0;3,12336683273;0,0;0,0;23,4327049255;10,4045333862;-2;85;3;
2019-04-19 14:11:51.411449;0,0;12,1970186234;0,0;0,0;4,5245642662;0,0;0,0;8,42998409271;0,0;0,0;3,11882758141;0,0;0,0;23,0433998108;3,93192672729;-2;85;3;
2019-04-19 14:11:52.353810;0,0;12,1903266907;0,0;0,0;4,51621770859;0,0;0,0;8,4208240509;0,0;0,0;3,11204528809;0,0;0,0;22,7419681549;0,0;-2;85;3;
2019-04-19 14:11:53.296190;0,0;12,4271211624;0,0;0,0;4,54096364975;0,0;0,0;8,46261310577;0,0;0,0;3,12472939491;0,0;0,0;22,8276309967;0,0;-2;85;3;
2019-04-19 14:11:54.238563;0,0;12,5989456177;0,325435400009;0,0;4,55656147003;0,0;0,0;8,42946052551;0,0;0,0;3,11704707146;0,0;0,0;22,866765976;0,0;-2;85;3;
2019-04-19 14:11:55.182184;0,0;12,1629924774;0,0;0,0;4,52006864548;0,0;0,0;8,42398738861;0,0;0,0;3,12208676338;0,0;0,0;22,8367347717;0,0;-2;85;3;
2019-04-19 14:11:56.125798;0,0;12,2419748306;0,0;0,0;4,52501106262;0,0;0,0;8,42123794556;0,0;0,0;3,11946749687;0,0;0,0;22,8319358826;0,0;-2;85;3;
2019-04-19 14:11:57.069420;0,0;12,2577161789;0,0;0,0;4,52562665939;0,0;0,0;8,43748855591;0,0;0,0;3,1251335144;0,0;0,0;22,8458328247;0,0;-2;85;3;
2019-04-19 14:11:58.013033;0,0;12,1704158783;0,0;0,0;4,51654481888;0,0;0,0;8,41756725311;0,0;0,0;3,11413812637;0,0;0,0;22,7944507599;0,0;-2;85;3;
2019-04-19 14:11:58.955456;0,0;12,16563797;0,0;0,0;4,51479244232;0,0;0,0;8,41708850861;0,0;0,0;3,11119627953;0,0;0,0;22,6692829132;0,0;-2;85;3;
2019-04-19 14:11:59.896535;0,0;12,2033634186;0,0;0,0;4,52050876617;0,0;0,0;8,4653968811;0,0;0,0;3,13025259972;0,0;0,0;22,6710014343;0,0;-2;85;3;
2019-04-19 14:12:00.847651;0,0;12,1754970551;0,0;0,0;4,51249837875;0,0;0,0;8,43498516083;0,0;0,0;3,12024831772;0,0;0,0;22,6558799744;0,0;-2;85;3;
2019-04-19 14:12:01.791285;0,0;12,2094621658;0,0;0,0;4,53076124191;0,0;0,0;8,43205451965;0,0;0,0;3,12401485443;0,0;0,0;22,6568279266;0,0;-2;85;3;
2019-04-19 14:12:02.735063;0,0;12,2740755081;0,0;0,0;4,53551435471;0,0;0,0;8,44356822968;0,0;0,0;3,12709927559;0,0;0,0;22,6957359314;0,0;-2;85;3;
2019-04-19 14:12:03.678514;0,0;12,4633455276;0,0;0,0;4,53360795975;0,0;0,0;8,4326543808;0,0;0,0;3,12165880203;0,0;0,0;22,7697982788;0,0;-2;85;3;
2019-04-19 14:12:04.619633;0,0;12,3369636536;0,0;0,0;4,5462269783;0,0;0,0;8,4328212738;0,0;0,0;3,12002849579;0,0;0,0;22,7817764282;0,0;-2;85;3;
2019-04-19 14:12:05.563251;0,0;12,3841953278;0,0;0,0;4,54091787338;0,0;0,0;8,43160057068;0,0;0,0;3,11500597;0,0;0,0;22,8092937469;0,0;-2;85;3;
2019-04-19 14:12:06.506875;0,0;12,258398056;0,0;0,0;4,53823280334;0,0;0,0;8,44481372833;0,0;0,0;3,12053155899;0,0;0,0;22,7968902588;0,0;-2;85;3;
2019-04-19 14:12:07.449245;0,0;12,1978321075;0,0;0,0;4,52267980576;0,0;0,0;8,43250846863;0,0;0,0;3,120449543;0,0;0,0;22,7772331238;0,0;-2;85;3;
2019-04-19 14:12:08.391614;0,0;12,1385936737;0,0;0,0;4,51306962967;0,0;0,0;8,43372154236;0,0;0,0;3,12306952477;0,0;0,0;22,7233161926;0,0;-2;85;3;
2019-04-19 14:12:09.333980;0,0;12,1169452667;0,0;0,0;4,51411485672;0,0;0,0;8,42159366608;0,0;0,0;3,12044286728;0,0;0,0;22,6652488708;0,0;-2;85;3;
2019-04-19 14:12:10.275163;0,0;12,0927257538;0,0;0,0;4,50431585312;0,0;0,0;8,40072059631;0,0;0,0;3,11194396019;0,0;0,0;22,607629776;0,0;-2;85;3;
2019-04-19 14:12:11.217489;0,0;12,1078338623;0,0;0,0;4,514523983;0,0;0,0;8,43224620819;0,0;0,0;3,12150907516;0,0;0,0;22,5901107788;0,0;-2;85;3;
2019-04-19 14:12:12.159846;0,0;12,0666418076;0,0;0,0;4,50099134445;0,0;0,0;8,41748332977;0,0;0,0;3,11248493195;0,0;0,0;22,5744514465;0,0;-2;85;3;
2019-04-19 14:12:13.102217;0,0;12,1082410812;0,0;0,0;4,5254740715;0,0;0,0;8,44784832001;0,0;0,0;3,12265825272;0,0;0,0;22,5613822937;0,0;-2;85;3;
2019-04-19 14:12:14.043327;0,0;12,1054801941;0,0;0,0;4,51411771774;0,0;0,0;8,4368429184;0,0;0,0;3,1204097271;0,0;0,0;22,5535316467;0,0;-2;85;3;
2019-04-19 14:12:14.984559;0,0;12,1142559052;0,0;0,0;4,53159093857;0,0;0,0;8,43214225769;0,0;0,0;3,12288093567;0,0;0,0;22,5659046173;0,0;-2;85;3;
2019-04-19 14:12:15.926829;0,0;12,0664434433;0,0;0,0;4,50752496719;0,0;0,0;8,42647266388;0,0;0,0;3,1224527359;0,0;0,0;22,5705699921;0,0;-2;85;3;
2019-04-19 14:12:16.867948;0,0;12,0960559845;0,0;0,0;4,52376890182;0,0;0,0;8,42426490784;0,0;0,0;3,12167572975;0,0;0,0;22,5712070465;0,0;-2;85;3;
2019-04-19 14:12:17.826582;0,0;12,2515029907;0,0;0,0;4,51951360703;0,0;0,0;8,41603851318;0,0;0,0;3,11342930794;0,0;0,0;22,5903263092;0,0;-2;85;3;
2019-04-19 14:12:18.766443;0,0;12,3046894073;0,0;0,0;4,5410618782;0,0;0,0;8,44594478607;0,0;0,0;3,12171220779;0,0;0,0;22,6443061829;0,0;-2;85;3;
2019-04-19 14:12:19.710053;0,0;12,2305574417;0,0;0,0;4,5413775444;0,0;0,0;8,44463539124;0,0;0,0;3,12160301208;0,0;0,0;22,6888465881;0,0;-2;85;3;
2019-04-19 14:12:20.652437;0,0;12,234577179;0,0;0,0;4,51728916168;0,0;0,0;8,43903255463;0,0;0,0;3,12114572525;0,0;0,0;22,7097702026;0,0;-2;85;3;
2019-04-19 14:12:21.594904;0,0;12,1918859482;0,0;0,0;4,52763128281;0,0;0,0;8,44847393036;0,0;0,0;3,12760925293;0,0;0,0;22,7296524048;0,0;-2;85;3;
2019-04-19 14:12:22.538429;0,0;12,1535797119;0,0;0,0;4,52801656723;0,0;0,0;8,42720603943;0,0;0,0;3,12333035469;0,0;0,0;22,7498779297;0,0;-2;85;3;
2019-04-19 14:12:23.482045;0,0;12,2262058258;0,0;0,0;4,52693986893;0,0;0,0;8,44060134888;0,0;0,0;3,12813472748;0,0;0,0;22,7085933685;0,0;-2;85;3;
2019-04-19 14:12:24.424452;0,0;12,1545133591;0,0;0,0;4,50407791138;0,0;0,0;8,41189098358;0,0;0,0;3,11396598816;0,0;0,0;22,6739120483;0,0;-2;85;3;
2019-04-19 14:12:25.365532;0,0;12,2282180786;0,0;0,0;4,52013015747;0,0;0,0;8,4173822403;0,0;0,0;3,11547970772;0,0;0,0;22,6758708954;0,0;-2;85;3;
2019-04-19 14:12:26.307902;0,0;12,1674175262;0,0;0,0;4,52042484283;0,0;0,0;8,42441368103;0,0;0,0;3,11580395699;0,0;0,0;22,6691017151;0,0;-2;85;3;
2019-04-19 14:12:27.250281;0,0;12,1275053024;0,0;0,0;4,52309608459;0,0;0,0;8,43856239319;0,0;0,0;3,11974525452;0,0;0,0;22,6572723389;0,0;-2;85;3;
2019-04-19 14:12:28.192660;0,0;12,1747226715;0,0;0,0;4,51590204239;0,0;0,0;8,43156719208;0,0;0,0;3,12045645714;0,0;0,0;22,6367263794;0,0;-2;85;3;
2019-04-19 14:12:29.140026;0,0;12,2153635025;0,0;0,0;4,53703260422;0,0;0,0;8,4417219162;0,0;0,0;3,12769508362;0,0;0,0;22,6691074371;0,0;-2;85;3;
2019-04-19 14:12:30.082382;0,0;12,1471233368;0,0;0,0;4,51731300354;0,0;0,0;8,42390823364;0,0;0,0;3,12123727798;0,0;0,0;22,654127121;0,0;-2;85;3;
2019-04-19 14:12:31.026002;0,0;12,1536808014;0,0;0,0;4,52521514893;0,0;0,0;8,42439746857;0,0;0,0;3,12158226967;0,0;0,0;22,6467571259;0,0;-2;85;3;
2019-04-19 14:12:31.967130;0,0;12,1441030502;0,0;0,0;4,51822042465;0,0;0,0;8,41663551331;0,0;0,0;3,11657571793;0,0;0,0;22,6503009796;0,0;-2;85;3;
2019-04-19 14:12:32.910751;0,0;12,2241973877;0,0;0,0;4,52854061127;0,0;0,0;8,4489440918;0,0;0,0;3,12469148636;0,0;0,0;22,6562767029;0,0;-2;85;3;
2019-04-19 14:12:33.853105;0,0;12,2019996643;0,0;0,0;4,51318502426;0,0;0,0;8,4393157959;0,0;0,0;3,12038588524;0,0;0,0;22,6524543762;0,0;-2;85;3;
2019-04-19 14:12:34.804352;0,0;12,1653118134;0,0;0,0;4,52227544785;0,0;0,0;8,42428207397;0,0;0,0;3,11721754074;0,0;0,0;22,6459999084;0,0;-2;85;3;
2019-04-19 14:12:35.747856;0,0;12,2001047134;0,0;0,0;4,51941633224;0,0;0,0;8,44048595428;0,0;0,0;3,12571191788;0,0;0,0;22,6728000641;0,0;-2;85;3;
2019-04-19 14:12:36.690223;0,0;12,1249647141;0,0;0,0;4,51946163177;0,0;0,0;8,4382352829;0,0;0,0;3,12843108177;0,0;0,0;22,6818122864;0,0;-2;85;3;
2019-04-19 14:12:37.632605;0,0;12,1615877151;0,0;0,0;4,5176692009;0,0;0,0;8,43410015106;0,0;0,0;3,12527036667;0,0;0,0;22,6660137177;0,0;-2;85;3;
2019-04-19 14:12:38.573713;0,0;12,127779007;0,0;0,0;4,51640892029;0,0;0,0;8,41779708862;0,0;0,0;3,1173555851;0,0;0,0;22,6508235931;0,0;-2;85;3;
2019-04-19 14:12:39.516099;0,0;12,1648588181;0,0;0,0;4,50668239594;0,0;0,0;8,41361141205;0,0;0,0;3,11444616318;0,0;0,0;22,6523017883;0,0;-2;85;3;
2019-04-19 14:12:40.458458;0,0;12,2431344986;0,0;0,0;4,52650976181;0,0;0,0;8,45561790466;0,0;0,0;3,12618374825;0,0;0,0;22,6566257477;0,0;-2;85;3;
2019-04-19 14:12:41.400828;0,0;12,1527395248;0,0;0,0;4,52149391174;0,0;0,0;8,43144798279;0,0;0,0;3,11966371536;0,0;0,0;22,6465587616;0,0;-2;85;3;
2019-04-19 14:12:42.343205;0,0;12,1730155945;0,0;0,0;4,5255446434;0,0;0,0;8,43772029877;0,0;0,0;3,12375688553;0,0;0,0;22,6506290436;0,0;-2;85;3;
2019-04-19 14:12:43.284429;0,0;12,1717300415;0,0;0,0;4,52644920349;0,0;0,0;8,42751598358;0,0;0,0;3,12356042862;0,0;0,0;22,6622886658;0,0;-2;85;3;
2019-04-19 14:12:44.227945;0,0;12,1952848434;0,0;0,0;4,52232503891;0,0;0,0;8,43306255341;0,0;0,0;3,12612390518;0,0;0,0;22,6833343506;0,0;-2;85;3;
2019-04-19 14:12:45.170326;0,0;12,1942501068;0,0;0,0;4,52686834335;0,0;0,0;8,42552757263;0,0;0,0;3,12205147743;0,0;0,0;22,6767425537;0,0;-2;85;3;
2019-04-19 14:12:46.112684;0,0;12,2103633881;0,0;0,0;4,50667095184;0,0;0,0;8,4217634201;0,0;0,0;3,11706590652;0,0;0,0;22,680185318;0,0;-2;85;3;
2019-04-19 14:12:47.055103;0,0;12,1281194687;0,0;0,0;4,53659439087;0,0;0,0;8,44693565369;0,0;0,0;3,12603402138;0,0;0,0;22,6822433472;0,0;-2;85;3;
2019-04-19 14:12:47.999930;0,0;12,1805801392;0,0;0,0;4,5325961113;0,0;0,0;8,4384355545;0,0;0,0;3,12262582779;0,0;0,0;22,6777267456;0,0;-2;85;3;
2019-04-19 14:12:48.943546;0,0;12,124792099;0,0;0,0;4,52060461044;0,0;0,0;8,43203163147;0,0;0,0;3,12212705612;0,0;0,0;22,6628379822;0,0;-2;85;3;
2019-04-19 14:12:49.884766;0,0;12,1437044144;0,0;0,0;4,52842283249;0,0;0,0;8,42545700073;0,0;0,0;3,12372875214;0,0;0,0;22,6482963562;0,0;-2;85;3;
2019-04-19 14:12:50.825793;0,0;12,171380043;0,0;0,0;4,52727127075;0,0;0,0;8,42789363861;0,0;0,0;3,1242814064;0,0;0,0;22,6345405579;0,0;-2;85;3;
2019-04-19 14:12:51.768153;0,0;12,1942663193;0,0;0,0;4,51849842072;0,0;0,0;8,40471553802;0,0;0,0;3,11621809006;0,0;0,0;22,6182613373;0,0;-2;85;3;
2019-04-19 14:12:52.709276;0,0;12,1017999649;0,0;0,0;4,50618696213;0,0;0,0;8,41569519043;0,0;0,0;3,11877059937;0,0;0,0;22,6219158173;0,0;-2;85;3;
2019-04-19 14:12:53.647902;0,0;12,1440935135;0,0;0,0;4,51625776291;0,0;0,0;8,43799495697;0,0;0,0;3,12202525139;0,0;0,0;22,6308727264;0,0;-2;85;3;
2019-04-19 14:12:54.587766;0,0;12,1426792145;0,0;0,0;4,53209066391;0,0;0,0;8,43287849426;0,0;0,0;3,12015175819;0,0;0,0;22,621465683;0,0;-2;85;3;
2019-04-19 14:12:55.526389;0,0;12,0973453522;0,0;0,0;4,50675916672;0,0;0,0;8,42462825775;0,0;0,0;3,12047195435;0,0;0,0;22,6128692627;0,0;-2;85;3;
2019-04-19 14:12:56.465058;0,0;12,1149501801;0,0;0,0;4,50821828842;0,0;0,0;8,42646408081;0,0;0,0;3,12276148796;0,0;0,0;22,607919693;0,0;-2;85;3;
2019-04-19 14:12:57.407378;0,0;12,1949748993;0,0;0,0;4,52406644821;0,0;0,0;8,44397354126;0,0;0,0;3,13062429428;0,0;0,0;22,6339607239;0,0;-2;85;3;
2019-04-19 14:12:58.347247;0,0;12,151143074;0,0;0,0;4,5383644104;0,0;0,0;8,42360782623;0,0;0,0;3,1214966774;0,0;0,0;22,6188392639;0,0;-2;85;3;
2019-04-19 14:12:59.285874;0,0;12,1877355576;0,0;0,0;4,52897405624;0,0;0,0;8,42919254303;0,0;0,0;3,12030124664;0,0;0,0;22,6228809357;0,0;-2;85;3;
2019-04-19 14:13:00.225741;0,0;12,150305748;0,0;0,0;4,5262465477;0,0;0,0;8,43674755096;0,0;0,0;3,12267947197;0,0;0,0;22,6309509277;0,0;-2;85;3;
2019-04-19 14:13:01.164406;0,0;12,1252069473;0,0;0,0;4,51001882553;0,0;0,0;8,42547893524;0,0;0,0;3,11772584915;0,0;0,0;22,6305389404;0,0;-2;85;3;
2019-04-19 14:13:02.104552;0,0;12,093038559;0,0;0,0;4,51972913742;0,0;0,0;8,43039798737;0,0;0,0;3,12282347679;0,0;0,0;22,6256847382;0,0;-2;85;3;
2019-04-19 14:13:03.051597;0,0;12,4431390762;0,0;0,0;4,53757619858;0,0;0,0;8,43863201141;0,0;0,0;3,12712526321;0,0;0,0;22,6783638;0,0;-2;85;3;
2019-04-19 14:13:03.991468;0,0;12,2729520798;0,0;0,0;4,5211353302;0,0;0,0;8,42673397064;0,0;0,0;3,12574911118;0,0;0,0;22,7121448517;0,0;-2;85;3;
2019-04-19 14:13:04.931340;0,0;12,196144104;0,0;0,0;4,50893163681;0,0;0,0;8,41049480438;0,0;0,0;3,12047505379;0,0;0,0;22,7027893066;0,0;-2;85;3;
2019-04-19 14:13:05.871212;0,0;12,1142644882;0,0;0,0;4,52081012726;0,0;0,0;8,40662574768;0,0;0,0;3,11626720428;0,0;0,0;22,6883983612;0,0;-2;85;3;
2019-04-19 14:13:06.811076;0,0;12,0950813293;0,0;0,0;4,51415109634;0,0;0,0;8,43743228912;0,0;0,0;3,12303519249;0,0;0,0;22,7037220001;0,0;-2;85;3;
2019-04-19 14:13:07.750947;0,0;12,1372261047;0,0;0,0;4,51952838898;0,0;0,0;8,43027496338;0,0;0,0;3,1187722683;0,0;0,0;22,6510238647;0,0;-2;85;3;
2019-04-19 14:13:08.704622;0,0;12,1590309143;0,0;0,0;4,51395559311;0,0;0,0;8,4345664978;0,0;0,0;3,12211585045;0,0;0,0;22,599313736;0,0;-2;85;3;
2019-04-19 14:13:09.643189;0,0;12,1160411835;0,0;0,0;4,49985408783;0,0;0,0;8,42446708679;0,0;0,0;3,12140703201;0,0;0,0;22,5978870392;0,0;-2;85;3;
2019-04-19 14:13:10.581809;0,0;12,1373462677;0,0;0,0;4,50928115845;0,0;0,0;8,43284416199;0,0;0,0;3,1265733242;0,0;0,0;22,6134681702;0,0;-2;85;3;
2019-04-19 14:13:11.521675;0,0;12,1796483994;0,0;0,0;4,51490879059;0,0;0,0;8,41210079193;0,0;0,0;3,11901688576;0,0;0,0;22,6109714508;0,0;-2;85;3;
2019-04-19 14:13:12.461546;0,0;12,2266731262;0,0;0,0;4,53132104874;0,0;0,0;8,43189716339;0,0;0,0;3,12184643745;0,0;0,0;22,6312122345;0,0;-2;85;3;
2019-04-19 14:13:13.401427;0,0;12,1568155289;0,0;0,0;4,50192928314;0,0;0,0;8,41536331177;0,0;0,0;3,11625432968;0,0;0,0;22,6228523254;0,0;-2;85;3;
2019-04-19 14:13:14.342542;0,0;12,3154773712;0,0;0,0;4,51965093613;0,0;0,0;8,42395210266;0,0;0,0;3,11655259132;0,0;0,0;22,6624698639;0,0;-2;85;3;
2019-04-19 14:13:15.283662;0,0;12,4715566635;0,0;0,0;4,53663301468;0,0;0,0;8,44431591034;0,0;0,0;3,1235203743;0,0;0,0;22,7482452393;0,0;-2;85;3;
2019-04-19 14:13:16.223532;0,0;12,3035573959;0,0;0,0;4,54358863831;0,0;0,0;8,43745326996;0,0;0,0;3,12560415268;0,0;0,0;22,7757072449;0,0;-2;85;3;
2019-04-19 14:13:17.162146;0,0;12,3981275558;0,0;0,0;4,55884170532;0,0;0,0;8,44304943085;0,0;0,0;3,12864732742;0,0;0,0;22,7748298645;0,0;-2;85;3;
2019-04-19 14:13:18.103261;0,0;12,3095979691;0,0;0,0;4,53429317474;0,0;0,0;8,43091106415;0,0;0,0;3,12694692612;0,0;0,0;22,798833847;0,0;-2;85;3;
2019-04-19 14:13:19.041894;0,0;12,2039470673;0,0;0,0;4,51716804504;0,0;0,0;8,41009426117;0,0;0,0;3,11650276184;0,0;0,0;22,7698116302;0,0;-2;85;3;
2019-04-19 14:13:19.989267;0,0;12,2533359528;0,0;0,0;4,53092765808;0,0;0,0;8,43478965759;0,0;0,0;3,12107110023;0,0;0,0;22,7111625671;0,0;-2;85;3;
2019-04-19 14:13:20.931627;0,0;12,449962616;0,0;0,0;4,53155565262;0,0;0,0;8,43322277069;0,0;0,0;3,11931467056;0,0;0,0;22,7114219666;0,0;-2;85;3;
2019-04-19 14:13:21.871502;0,0;12,217414856;0,0;0,0;4,52987861633;0,0;0,0;8,43243503571;0,0;0,0;3,12070035934;0,0;0,0;22,6944255829;0,0;-2;85;3;
2019-04-19 14:13:22.811377;0,0;12,34025383;0,0;0,0;4,529255867;0,0;0,0;8,44066905975;0,0;0,0;3,12702465057;0,0;0,0;22,7026844025;0,0;-2;85;3;
2019-04-19 14:13:23.751242;0,0;12,3002109528;0,0;0,0;4,52941846848;0,0;0,0;8,4315700531;0,0;0,0;3,12557458878;0,0;0,0;22,7318744659;0,0;-2;85;3;
2019-04-19 14:13:24.691114;0,0;12,3039302826;0,0;0,0;4,52233123779;0,0;0,0;8,41683101654;0,0;0,0;3,11931872368;0,0;0,0;22,7349510193;0,0;-2;85;3;
2019-04-19 14:13:25.630989;0,0;12,3616733551;0,00568652153015;0,0;4,53536558151;0,0;0,0;8,4140663147;0,0;0,0;3,11451363564;0,0;0,0;22,744808197;0,0;-2;85;3;
2019-04-19 14:13:26.570855;0,0;12,3591299057;0,0;0,0;4,5239238739;0,0;0,0;8,4435300827;0,0;0,0;3,12375760078;0,0;0,0;22,774564743;0,0;-2;85;3;
2019-04-19 14:13:27.510715;0,0;12,637922287;0,580030918121;0,0;4,58176708221;0,0;0,0;8,46249294281;0,986743569374;0,0;3,11942791939;0,0;0,0;23,1650333405;4,70862007141;-2;85;3;
2019-04-19 14:13:28.451836;1,19592154026;13,5236759186;2,843998909;0,0;4,6192111969;0,0;0,295261979103;8,4925737381;1,62526655197;0,0;3,12367224693;0,0;1,98851013184;23,9476470947;14,1499538422;-2;85;3;
2019-04-19 14:13:29.392975;0,617653250694;13,1185016632;1,92060959339;0,0;4,59678459167;0,0;0,0;8,45961284637;0,980628848076;0,0;3,12181949615;0,0;3,40842819214;24,3482952118;15,9325656891;-2;85;3;
2019-04-19 14:13:30.332837;0,0;12,4176158905;0,618914008141;0,0;4,50776433945;0,0;0,0;8,42645072937;0,0299183130264;0,0;3,12292385101;0,0;3,72873783112;24,3449268341;15,9995965958;-2;85;3;
2019-04-19 14:13:31.272711;0,0;12,6604681015;0,480353713036;0,0;4,56407642365;0,0;0,0;8,44817352295;0,142390847206;0,0;3,12442278862;0,0;3,84609127045;24,5245685577;16,2399425507;-2;85;3;
2019-04-19 14:13:32.215122;0,119408726692;13,3015537262;1,97449612617;0,0;4,59552717209;0,0;0,0;8,47000980377;1,36696851254;0,0;3,1229891777;0,0;4,28659915924;24,9978065491;18,5514659882;-2;85;3;
2019-04-19 14:13:33.154992;0,87265765667;13,3201122284;2,70270872116;0,0;4,62524366379;0,0;0,0595215559006;8,47959423065;1,5293763876;0,0;3,12533998489;0,0;3,0371723175;24,6459560394;17,9341812134;-2;85;3;
2019-04-19 14:13:34.094915;0,676773667336;12,7760868073;1,43480885029;0,0;4,55932044983;0,0;0,0;8,44074630737;0,654616475105;0,0;3,11627221107;0,0;2,10822486877;24,3627853394;16,8392562866;-2;85;3;
2019-04-19 14:13:35.034735;0,0;12,2494487762;0,0;0,0;4,52872276306;0,0;0,0;8,4198217392;0,0;0,0;3,1163983345;0,0;1,92947864532;24,1206951141;16,2556915283;-2;85;3;
2019-04-19 14:13:35.974597;0,0;12,3370494843;0,0;0,0;4,53294849396;0,0;0,0;8,4438123703;0,0;0,0;3,12751531601;0,0;1,7520647049;23,9873847961;15,9641990662;-2;85;3;
2019-04-19 14:13:36.923177;0,0;12,2110061646;0,0;0,0;4,52735853195;0,0;0,0;8,42243862152;0,0;0,0;3,12251138687;0,0;0,929173469543;23,450925827;13,8256235123;-2;85;3;
2019-04-19 14:13:37.863033;0,0;12,2672100067;0,0;0,0;4,52234268188;0,0;0,0;8,42906761169;0,0;0,0;3,12570786476;0,0;0,0;22,8381977081;3,29843235016;-2;85;3;
2019-04-19 14:13:38.804156;0,0;12,1407709122;0,0;0,0;4,52334165573;0,0;0,0;8,42335033417;0,0;0,0;3,12281084061;0,0;0,0;22,7174568176;0,0;-2;85;3;
2019-04-19 14:13:39.744031;0,0;12,2190322876;0,0;0,0;4,52776813507;0,0;0,0;8,41862487793;0,0;0,0;3,11701631546;0,0;0,0;22,6836528778;0,0;-2;85;3;
2019-04-19 14:13:40.682653;0,0;12,3535490036;0,0;0,0;4,52586746216;0,0;0,0;8,42496967316;0,0;0,0;3,11681675911;0,0;0,0;22,7326431274;0,0;-2;85;3;
2019-04-19 14:13:41.623776;0,0;12,7650966644;0,113338828087;0,0;4,56989812851;0,0;0,0;8,45171833038;0,0;0,0;3,12192106247;0,0;0,0;22,9236793518;0,0;-2;85;3;
2019-04-19 14:13:42.563637;0,5350689888;13,6932315826;1,98571515083;0,0;4,68322086334;0,0;0,179399847984;8,54940128326;1,51553797722;0,0;3,13087463379;0,0;0,0;23,9520606995;11,2019643784;-2;85;3;
2019-04-19 14:13:43.504809;1,55898582935;14,99933815;5,16740894318;0,0;4,77731180191;0,312352001667;0,590184926987;8,67847919464;3,00569486618;0,0;3,12951517105;0,0;4,98640346527;26,9244194031;25,0386772156;-2;85;3;
2019-04-19 14:13:44.445875;1,50691187382;13,9720039368;4,03264379501;0,0;4,6226606369;0,116226255894;0,556993365288;8,52048015594;2,764772892;0,0;3,1158246994;0,0;9,26252937317;28,4753952026;32,2133712769;-2;85;3;
2019-04-19 14:13:45.389512;0,693863034248;13,9131813049;2,59219288826;0,0;4,65491724014;0,0;0,0400332212448;8,5289440155;1,73412907124;0,0;3,12157702446;0,0;10,3515605927;29,5823554993;34,7789421082;-2;85;3;
2019-04-19 14:13:46.333123;0,508449673653;13,060968399;2,60825300217;0,0;4,52676391602;0,0;0,0;8,4364528656;1,23450469971;0,0;3,12056279182;0,0;10,6584768295;29,6006641388;36,0720252991;-2;85;3;
2019-04-19 14:13:47.275514;1,85987901688;16,2801856995;6,2289018631;0,11175018549;4,90896511078;0,725348353386;1,12363135815;9,27805900574;5,01458120346;0,0;3,12560796738;0,280217766762;12,5215587616;37,1293449402;49,2853507996;-2;85;3;
2019-04-19 14:13:48.216617;0,324631690979;13,0384559631;2,34719467163;0,0;4,56097555161;0,0;0,0;8,45596981049;1,45493817329;0,0;3,11780309677;0,0;11,2660913467;35,2089920044;45,3700942993;-2;85;3;
2019-04-19 14:13:49.160232;0,0740261077881;13,1843557358;1,20178711414;0,0;4,60366392136;0,0;0,0;8,46233940125;0,485605239868;0,0;3,12224030495;0,0;9,37238502502;34,2346763611;41,2538642883;-2;85;3;
2019-04-19 14:13:50.102605;0,0;12,4886951447;0,53620672226;0,0;4,56373929977;0,0;0,0;8,44271755219;0,087713599205;0,0;3,12764501572;0,0;7,01435661316;33,0010414124;37,9043769836;-2;85;3;
2019-04-19 14:13:51.047476;0,0;12,1263713837;0,0;0,0;4,53276014328;0,0;0,0;8,43297863007;0,0;0,0;3,12501096725;0,0;5,8186712265;32,6355056763;36,1733779907;-2;85;3;
2019-04-19 14:13:51.992360;0,0;12,3899555206;0,0;0,0;4,54444646835;0,0;0,0;8,42139339447;0,0;0,0;3,12150192261;0,0;2,49219894409;28,8057117462;27,8242454529;-2;85;3;
2019-04-19 14:13:52.934765;0,0;12,8502082825;0,819387078285;0,0;4,56574010849;0,0;0,0;8,43880748749;0,227557778358;0,0;3,12457084656;0,0;0,0;23,5056190491;7,61523246765;-2;85;3;
2019-04-19 14:13:53.883337;0,0;12,7250432968;0,0;0,0;4,56160259247;0,0;0,0;8,43135166168;0,0;0,0;3,11820173264;0,0;0,0;23,2104473114;5,54109573364;-2;85;3;
2019-04-19 14:13:54.825717;0,0;12,1664094925;0,0;0,0;4,53434324265;0,0;0,0;8,43378734589;0,0;0,0;3,1230738163;0,0;0,0;23,0677127838;2,95317173004;-2;85;3;
2019-04-19 14:13:55.768079;0,0;12,1705741882;0,0;0,0;4,52060604095;0,0;0,0;8,43333435059;0,0;0,0;3,12277579308;0,0;0,0;23,0814628601;2,48422718048;-2;85;3;
2019-04-19 14:13:56.710451;0,0;12,1877269745;0,0;0,0;4,52599668503;0,0;0,0;8,42694759369;0,0;0,0;3,12300658226;0,0;0,0;23,0323390961;2,10656356812;-2;85;3;
2019-04-19 14:13:57.651570;0,0;12,1763162613;0,0;0,0;4,53375387192;0,0;0,0;8,43573665619;0,0;0,0;3,12922048569;0,0;0,0;22,7918834686;0,0;-2;85;3;
2019-04-19 14:13:58.592699;0,0;12,1293010712;0,0;0,0;4,52351903915;0,0;0,0;8,43312835693;0,0;0,0;3,13096046448;0,0;0,0;22,6597652435;0,0;-2;85;3;
2019-04-19 14:13:59.535119;0,0;12,1568698883;0,0;0,0;4,52317380905;0,0;0,0;8,42354774475;0,0;0,0;3,12221312523;0,0;0,0;22,6459922791;0,0;-2;85;3;
2019-04-19 14:14:00.477513;0,0;12,1758766174;0,0;0,0;4,54017496109;0,0;0,0;8,43096923828;0,0;0,0;3,12276506424;0,0;0,0;22,649564743;0,0;-2;85;3;
2019-04-19 14:14:01.419798;0,0;12,1221017838;0,0;0,0;4,53800630569;0,0;0,0;8,42583751678;0,0;0,0;3,11841630936;0,0;0,0;22,6467876434;0,0;-2;85;3;
2019-04-19 14:14:02.362177;0,0;12,1252117157;0,0;0,0;4,50868272781;0,0;0,0;8,41395664215;0,0;0,0;3,11502623558;0,0;0,0;22,6242904663;0,0;-2;85;3;
2019-04-19 14:14:03.304643;0,0;12,2439937592;0,0;0,0;4,53320455551;0,0;0,0;8,44190502167;0,0;0,0;3,12897872925;0,0;0,0;22,6371078491;0,0;-2;85;3;
2019-04-19 14:14:04.248171;0,0;12,1756868362;0,0;0,0;4,51778697968;0,0;0,0;8,42072105408;0,0;0,0;3,12639522552;0,0;0,0;22,6452674866;0,0;-2;85;3;
2019-04-19 14:14:05.190535;0,0;12,2159252167;0,0;0,0;4,5342798233;0,0;0,0;8,43262290955;0,0;0,0;3,12840604782;0,0;0,0;22,6450042725;0,0;-2;85;3;
2019-04-19 14:14:06.134156;0,0;12,1434240341;0,0;0,0;4,52606248856;0,0;0,0;8,41966915131;0,0;0,0;3,12087702751;0,0;0,0;22,6296138763;0,0;-2;85;3;
2019-04-19 14:14:07.077771;0,0;12,0879592896;0,0;0,0;4,51569128036;0,0;0,0;8,409907341;0,0;0,0;3,11478567123;0,0;0,0;22,622674942;0,0;-2;85;3;
2019-04-19 14:14:08.020143;0,0;12,1691265106;0,0;0,0;4,53665781021;0,0;0,0;8,44512462616;0,0;0,0;3,12614870071;0,0;0,0;22,6281318665;0,0;-2;85;3;
2019-04-19 14:14:08.962518;0,0;12,1356906891;0,0;0,0;4,5336856842;0,0;0,0;8,43011951447;0,0;0,0;3,12227034569;0,0;0,0;22,6171302795;0,0;-2;85;3;
2019-04-19 14:14:09.904985;0,0;12,1255664825;0,0;0,0;4,52392721176;0,0;0,0;8,43376922607;0,0;0,0;3,12470674515;0,0;0,0;22,601392746;0,0;-2;85;3;
2019-04-19 14:14:10.853503;0,0;12,0928049088;0,0;0,0;4,52429866791;0,0;0,0;8,41377735138;0,0;0,0;3,12278819084;0,0;0,0;22,5942268372;0,0;-2;85;3;
2019-04-19 14:14:11.798375;0,0;12,0677337646;0,0;0,0;4,5220041275;0,0;0,0;8,40703582764;0,0;0,0;3,11990308762;0,0;0,0;22,5929431915;0,0;-2;85;3;
2019-04-19 14:14:12.739505;0,0;12,135351181;0,0;0,0;4,53680610657;0,0;0,0;8,43249607086;0,0;0,0;3,12648010254;0,0;0,0;22,5862140656;0,0;-2;85;3;
2019-04-19 14:14:13.681867;0,0;12,147403717;0,0;0,0;4,52020645142;0,0;0,0;8,41867351532;0,0;0,0;3,12072491646;0,0;0,0;22,5867042542;0,0;-2;85;3;
2019-04-19 14:14:14.624302;0,0;12,237165451;0,0;0,0;4,53515815735;0,0;0,0;8,43685436249;0,0;0,0;3,12506508827;0,0;0,0;22,6097373962;0,0;-2;85;3;
2019-04-19 14:14:15.566615;0,0;12,1805067062;0,0;0,0;4,52764987946;0,0;0,0;8,43959712982;0,0;0,0;3,12631917;0,0;0,0;22,6375160217;0,0;-2;85;3;
2019-04-19 14:14:16.509016;0,0;12,0898227692;0,0;0,0;4,5299911499;0,0;0,0;8,42190551758;0,0;0,0;3,1198387146;0,0;0,0;22,6412849426;0,0;-2;85;3;
2019-04-19 14:14:17.450157;0,0;12,0705051422;0,0;0,0;4,52212190628;0,0;0,0;8,42397975922;0,0;0,0;3,12075638771;0,0;0,0;22,631690979;0,0;-2;85;3;
2019-04-19 14:14:18.392505;0,0;12,0722608566;0,0;0,0;4,52144956589;0,0;0,0;8,41725540161;0,0;0,0;3,12475848198;0,0;0,0;22,6253108978;0,0;-2;85;3;
2019-04-19 14:14:19.334923;0,0;12,0484733582;0,0;0,0;4,52884817123;0,0;0,0;8,4084072113;0,0;0,0;3,12078619003;0,0;0,0;22,5887699127;0,0;-2;85;3;
2019-04-19 14:14:20.278488;0,0;12,0642299652;0,0;0,0;4,52106618881;0,0;0,0;8,41063594818;0,0;0,0;3,11889600754;0,0;0,0;22,5571269989;0,0;-2;85;3;
2019-04-19 14:14:21.222124;0,0;12,0970039368;0,0;0,0;4,53858327866;0,0;0,0;8,43519115448;0,0;0,0;3,12463831902;0,0;0,0;22,5501861572;0,0;-2;85;3;
2019-04-19 14:14:22.164524;0,0;12,0723514557;0,0;0,0;4,53322172165;0,0;0,0;8,41962242126;0,0;0,0;3,11725330353;0,0;0,0;22,5504322052;0,0;-2;85;3;
2019-04-19 14:14:23.109352;0,0;12,0662651062;0,0;0,0;4,51522779465;0,0;0,0;8,42634868622;0,0;0,0;3,12088537216;0,0;0,0;22,5445976257;0,0;-2;85;3;
2019-04-19 14:14:24.051723;0,0;12,1164283752;0,0;0,0;4,53930997849;0,0;0,0;8,42819881439;0,0;0,0;3,12569570541;0,0;0,0;22,5559101105;0,0;-2;85;3;
2019-04-19 14:14:24.994091;0,0;12,2423000336;0,0;0,0;4,52809047699;0,0;0,0;8,41673183441;0,0;0,0;3,12204051018;0,0;0,0;22,6001319885;0,0;-2;85;3;
2019-04-19 14:14:25.940207;0,0;12,2848062515;0,0;0,0;4,53923368454;0,0;0,0;8,42949962616;0,0;0,0;3,12872600555;0,0;0,0;22,6511058807;0,0;-2;85;3;
2019-04-19 14:14:26.882577;0,0;12,2199468613;0,0;0,0;4,52969503403;0,0;0,0;8,41831493378;0,0;0,0;3,12208080292;0,0;0,0;22,6785411835;0,0;-2;85;3;
2019-04-19 14:14:27.826210;0,0;12,4664297104;0,0;0,0;4,55297088623;0,0;0,0;8,41892242432;0,0;0,0;3,11682128906;0,0;0,0;22,7485618591;0,0;-2;85;3;
2019-04-19 14:14:28.769834;0,0;12,2931022644;0,0;0,0;4,53560876846;0,0;0,0;8,44101905823;0,0;0,0;3,12428116798;0,0;0,0;22,7847900391;0,0;-2;85;3;
2019-04-19 14:14:29.712210;0,0;12,4577245712;0,0;0,0;4,56143856049;0,0;0,0;8,44441127777;0,0;0,0;3,12449336052;0,0;0,0;22,8671569824;0,0;-2;85;3;
2019-04-19 14:14:30.654691;0,0;12,2811470032;0,0;0,0;4,56003713608;0,0;0,0;8,41977787018;0,0;0,0;3,12123632431;0,0;0,0;22,8535709381;0,0;-2;85;3;
2019-04-19 14:14:31.595690;0,0;12,2134561539;0,0;0,0;4,51891613007;0,0;0,0;8,4213809967;0,0;0,0;3,12304925919;0,0;0,0;22,8527030945;0,0;-2;85;3;
2019-04-19 14:14:32.539308;0,0;12,1843576431;0,0;0,0;4,52502632141;0,0;0,0;8,41817569733;0,0;0,0;3,12438249588;0,0;0,0;22,8090839386;0,0;-2;85;3;
2019-04-19 14:14:33.481683;0,0;12,218129158;0,0;0,0;4,52672624588;0,0;0,0;8,41337490082;0,0;0,0;3,11908650398;0,0;0,0;22,7750511169;0,0;-2;85;3;
2019-04-19 14:14:34.424045;0,0;12,2890233994;0,0;0,0;4,53761005402;0,0;0,0;8,42893123627;0,0;0,0;3,12059426308;0,0;0,0;22,7015647888;0,0;-2;85;3;
2019-04-19 14:14:35.366417;0,0;12,2195930481;0,0;0,0;4,52988386154;0,0;0,0;8,42035865784;0,0;0,0;3,11644148827;0,0;0,0;22,6956768036;0,0;-2;85;3;
2019-04-19 14:14:36.308800;0,0;12,1809482574;0,0;0,0;4,53603553772;0,0;0,0;8,42941761017;0,0;0,0;3,1211540699;0,0;0,0;22,6842765808;0,0;-2;85;3;
2019-04-19 14:14:37.249915;0,0;12,1866102219;0,0;0,0;4,52610731125;0,0;0,0;8,42788505554;0,0;0,0;3,1248755455;0,0;0,0;22,6930751801;0,0;-2;85;3;
2019-04-19 14:14:38.193530;0,0;12,5999965668;0,0;0,0;4,55782461166;0,0;0,0;8,43388843536;0,0;0,0;3,12327241898;0,0;0,0;22,813369751;0,0;-2;85;3;
2019-04-19 14:14:39.137147;0,289434790611;13,441160202;0,978444695473;0,0;4,68391704559;0,0;0,0;8,47381782532;0,175407171249;0,0;3,1215941906;0,0;0,0;23,2023620605;0,0;-2;85;3;
2019-04-19 14:14:40.088279;0,135296463966;12,9770498276;0,976632237434;0,0;4,61834001541;0,0;0,0;8,44888019562;0,252289533615;0,0;3,12209320068;0,0;0,0;23,2435531616;2,05393028259;-2;85;3;
2019-04-19 14:14:41.030640;0,0;12,2027873993;0,0118938684464;0,0;4,53453874588;0,0;0,0;8,4158821106;0,0;0,0;3,11648607254;0,0;0,0;23,2295188904;2,90636634827;-2;85;3;
2019-04-19 14:14:41.973001;0,0;12,4558143616;0,0;0,0;4,54925441742;0,0;0,0;8,42775440216;0,0;0,0;3,11906003952;0,0;0,0;23,2673816681;3,51023674011;-2;85;3;
2019-04-19 14:14:42.915434;0,0;12,3234758377;0,148523688316;0,0;4,53556776047;0,0;0,0;8,43567657471;0,0;0,0;3,12221431732;0,0;0,0;23,2556018829;4,29483413696;-2;85;3;
2019-04-19 14:14:43.857761;0,0;12,1608066559;0,0;0,0;4,52703809738;0,0;0,0;8,42294597626;0,0;0,0;3,12059998512;0,0;0,0;22,874879837;2,57295894623;-2;85;3;
2019-04-19 14:14:44.801377;0,0;12,2169504166;0,0;0,0;4,54638433456;0,0;0,0;8,43994235992;0,0;0,0;3,12962174416;0,0;0,0;22,7194900513;0,581115722656;-2;85;3;
2019-04-19 14:14:45.743745;0,0;12,2263050079;0,0;0,0;4,53220891953;0,0;0,0;8,42984199524;0,0;0,0;3,12744188309;0,0;0,0;22,7421016693;0,0;-2;85;3;
2019-04-19 14:14:46.686124;0,0;12,1961307526;0,0;0,0;4,52651023865;0,0;0,0;8,39943599701;0,0;0,0;3,11342668533;0,0;0,0;22,7196826935;0,0;-2;85;3;
2019-04-19 14:14:47.629733;0,0;12,1768083572;0,0;0,0;4,52472877502;0,0;0,0;8,42866230011;0,0;0,0;3,1221241951;0,0;0,0;22,6678619385;0,0;-2;85;3;
2019-04-19 14:14:48.572100;0,0;12,1843595505;0,0;0,0;4,52799224854;0,0;0,0;8,43779659271;0,0;0,0;3,12344503403;0,0;0,0;22,6702270508;0,0;-2;85;3;
2019-04-19 14:14:49.514524;0,0;12,1713962555;0,0;0,0;4,5320224762;0,0;0,0;8,42968273163;0,0;0,0;3,12003016472;0,0;0,0;22,6635856628;0,0;-2;85;3;
2019-04-19 14:14:50.458105;0,0;12,2017230988;0,0;0,0;4,54139518738;0,0;0,0;8,43669605255;0,0;0,0;3,12507963181;0,0;0,0;22,6494255066;0,0;-2;85;3;
2019-04-19 14:14:51.401724;0,0;12,1959524155;0,0;0,0;4,52037906647;0,0;0,0;8,41722583771;0,0;0,0;3,12077951431;0,0;0,0;22,6448516846;0,0;-2;85;3;
2019-04-19 14:14:52.344088;0,0;12,277381897;0,0;0,0;4,53621053696;0,0;0,0;8,43968868256;0,0;0,0;3,12943077087;0,0;0,0;22,6657352448;0,0;-2;85;3;
2019-04-19 14:14:53.287709;0,0;12,1728105545;0,0;0,0;4,53684091568;0,0;0,0;8,43393802643;0,0;0,0;3,12558221817;0,0;0,0;22,6715660095;0,0;-2;85;3;
2019-04-19 14:14:54.228824;0,0;12,1638803482;0,0;0,0;4,53522825241;0,0;0,0;8,41532993317;0,0;0,0;3,1158156395;0,0;0,0;22,6534137726;0,0;-2;85;3;
2019-04-19 14:14:55.172447;0,0;12,2005710602;0,0;0,0;4,54185819626;0,0;0,0;8,42847537994;0,0;0,0;3,1192381382;0,0;0,0;22,6510486603;0,0;-2;85;3;
2019-04-19 14:14:56.114868;0,0;12,2174472809;0,0;0,0;4,53609371185;0,0;0,0;8,44401454926;0,0;0,0;3,12460064888;0,0;0,0;22,6642551422;0,0;-2;85;3;
2019-04-19 14:14:57.065937;0,0;12,283536911;0,0;0,0;4,54435491562;0,0;0,0;8,42720317841;0,0;0,0;3,12197732925;0,0;0,0;22,6617622375;0,0;-2;85;3;
2019-04-19 14:14:58.008309;0,0;12,151181221;0,0;0,0;4,50801038742;0,0;0,0;8,40976428986;0,0;0,0;3,11876034737;0,0;0,0;22,6588935852;0,0;-2;85;3;
2019-04-19 14:14:58.950683;0,0;12,1166229248;0,0;0,0;4,52171278;0,0;0,0;8,41227722168;0,0;0,0;3,11966872215;0,0;0,0;22,6526317596;0,0;-2;85;3;
2019-04-19 14:14:59.893056;0,0;12,2022123337;0,0;0,0;4,51627779007;0,0;0,0;8,40366268158;0,0;0,0;3,11351656914;0,0;0,0;22,648191452;0,0;-2;85;3;
